date,time,lat,lon,alt,x_gyro,y_gyro,z_gyro,x_acc,y_acc,z_acc,north,east,down,pitch,yaw,roll,wind_speed,wind_direction
2020/7/14,14:59:40,22.9028056,120.2731376,10.514,0,-2,-1327,37,-36,-955,-0.952328682,0.303554535,-10.51403332,-0.058065128,-2.287488937,-0.014916815,17,270
2020/7/14,14:59:43,22.9027561,120.2731387,10.749,226,73,215,9,-71,-960,-6.457468987,0.418195724,-10.74999237,-0.050929539,3.01987052,0.020203691,17,270
2020/7/14,14:59:46,22.9026779,120.2731466,10.492,13,56,-15,12,-14,-993,-15.16876125,1.225793839,-10.49226189,0.011361958,3.053094864,0.036242701,17,270
2020/7/14,14:59:49,22.902604,120.2731505,10.405,98,-7,-64,30,-40,-960,-23.39242172,1.627008438,-10.40596485,-0.040023778,3.030451775,-0.023054568,17,270
2020/7/14,14:59:52,22.9025285,120.2731557,10.428,-42,-37,5,-19,56,-990,-31.7992363,2.153495789,-10.4287672,-0.034248631,2.981547832,-0.02190911,17,270
2020/7/14,14:59:55,22.9024526,120.2731674,10.115,45,218,417,32,12,-976,-40.2417984,3.36300087,-10.11574268,0.088732176,-2.91624403,0.110464461,17,270
2020/7/14,14:59:58,22.9024533,120.2731391,10.158,-8,21,68,-59,37,-962,-40.17440796,0.459621429,-10.15818596,-0.125373945,-1.281013489,0.006942089,17,270
2020/7/14,15:00:01,22.9024782,120.2730692,10.309,32,85,7,-79,9,-1019,-37.40045929,-6.709676743,-10.30983067,-0.116383962,-1.226999283,-0.012786999,17,270
2020/7/14,15:00:04,22.9025039,120.2729957,10.087,-41,-25,149,-90,78,-1023,-34.53950882,-14.24464607,-10.08767891,-0.111205615,-1.200898409,-0.02735283,17,270
2020/7/14,15:00:07,22.9025202,120.2729228,10.073,91,-78,-67,-141,43,-963,-32.72280121,-21.72272301,-10.07399178,-0.127677307,-1.982819676,-0.114349633,17,270
2020/7/14,15:00:10,22.9024758,120.2728536,10.245,72,-135,28,-148,49,-998,-37.6615448,-28.82017326,-10.24593163,-0.098619759,-2.18559432,-0.030264309,17,270
2020/7/14,15:00:13,22.9024288,120.2727916,10.076,-22,-114,-101,-88,-82,-943,-42.8959198,-35.17346191,-10.0767765,-0.151317835,-2.155656338,-0.013804341,17,270
2020/7/14,15:00:16,22.9023813,120.2727295,9.986,-62,266,139,-81,-33,-994,-48.18528366,-41.54720306,-9.986421585,0.021442082,-2.131818056,0.050365523,17,270
2020/7/14,15:00:19,22.9023871,120.2727062,9.803,18,28,-155,-59,63,-994,-47.53477859,-43.9336319,-9.803588867,-0.088830739,-0.337796181,-0.114591286,17,270
2020/7/14,15:00:22,22.9024435,120.2726902,10.011,81,35,-15,-101,124,-1023,-41.26482391,-45.5725708,-10.01194954,-0.080268219,-0.238168284,-0.0735498,17,270
2020/7/14,15:00:25,22.9025152,120.2726694,10.366,-91,-15,-80,-101,56,-981,-33.27835464,-47.71053314,-10.3669548,-0.096222751,-0.168275252,-0.030504825,17,270
2020/7/14,15:00:28,22.9025932,120.2726542,9.988,32,-8,82,42,3,-992,-24.60076523,-49.27100372,-9.988296509,-0.014701413,-0.170462176,-0.046391882,17,270
2020/7/14,15:00:31,22.90267,120.2726357,10.048,57,46,-7,-39,24,-1018,-16.0515213,-51.16896057,-10.04888725,-0.064245589,-0.146059349,-0.071095228,17,270
2020/7/14,15:00:34,22.9027339,120.2726269,10.069,99,41,1000,17,49,-1021,-8.938304901,-52.06848907,-10.06990433,0.021505609,0.558258474,0.108734302,17,270
2020/7/14,15:00:37,22.9027465,120.2726808,9.979,-17,18,36,-4,54,-984,-7.532112122,-46.54077148,-9.97931385,-0.019600473,1.360409737,-0.02334854,17,270
2020/7/14,15:00:40,22.9027551,120.2727584,9.951,-11,-100,-54,-29,58,-959,-6.5683918,-38.58492279,-9.951461792,-0.025018714,1.36470294,-0.025148632,17,270
2020/7/14,15:00:43,22.9027674,120.2728371,9.916,-22,19,-19,-22,28,-989,-5.199597359,-30.51551247,-9.916045189,-0.007063532,1.387192845,-0.03181906,17,270
2020/7/14,15:00:46,22.902778,120.2729239,9.836,16,47,11,-22,68,-1009,-4.117109299,-22.39567757,-9.853947639,-0.047629628,1.40250206,-0.05156967,17,270
2020/7/14,15:00:49,22.9027897,120.2730076,9.586,-86,22,67,22,113,-957,-2.716684341,-13.03001213,-9.586678505,-0.016241107,1.413109183,-0.049815252,17,270
2020/7/14,15:00:52,22.902802,120.2730842,9.608,34,47,30,20,-46,-995,-1.35739994,-5.177309036,-9.608959198,0.035675317,1.512062311,0.023132276,17,270
2020/7/14,15:02:34,22.9027747,120.2731393,9.908,-86,42,-47,-27,70,-984,-2.591999054,1.313163757,-9.908883095,-0.063304834,2.531543732,0.008267696,17,270
2020/7/14,15:02:37,22.902728,120.2731742,10.069,39,48,5,37,-62,-977,-7.790644646,4.89311409,-10.06914902,0.017046217,2.604784966,0.040861472,17,270
2020/7/14,15:02:40,22.9026777,120.2732054,10.115,34,89,-24,71,-57,-985,-13.38775158,8.097425461,-10.11527538,0.011065818,2.528178215,0.007275556,17,270
2020/7/14,15:02:43,22.9026373,120.2732241,10.173,-8,67,133,-71,-146,-1013,-17.88425827,10.01751518,-10.17301178,-0.120656222,-2.561145544,0.155297071,17,270
2020/7/14,15:02:46,22.9025948,120.2731855,10.119,-95,29,-94,-66,-43,-1045,-22.19313049,6.412321091,-10.14887524,-0.046630081,-2.670648098,0.063186899,17,270
2020/7/14,15:02:49,22.9025545,120.273155,9.938,10,-124,217,-89,-109,-1025,-27.09578323,2.929225922,-9.938806534,-0.094013602,-2.547777176,0.107869238,17,270
2020/7/14,15:02:52,22.9025138,120.2731212,10.044,202,-3,573,-141,-22,-981,-31.62856293,-0.535017014,-10.04426289,-0.083142772,-2.345728397,0.12785843,17,270
2020/7/14,15:02:55,22.902496,120.2730652,10.187,15,8,13,-183,-14,-994,-33.61606598,-6.324647903,-10.18721676,-0.155670866,-1.735588193,-0.012566196,17,270
2020/7/14,15:02:58,22.9024868,120.2730096,10.179,-171,-159,-15,-166,82,-953,-34.63418961,-11.98327446,-10.17986774,-0.117297694,-1.622724533,-0.002212352,17,270
2020/7/14,15:03:01,22.9024788,120.2729489,10.101,50,39,66,-99,-6,-1013,-35.5328331,-18.20184517,-10.10114288,-0.131978795,-1.617132902,-0.025571765,17,270
2020/7/14,15:03:04,22.902472,120.2728884,9.934,182,-95,53,-67,54,-1026,-36.28910446,-24.41265678,-9.934702873,-0.092693374,-1.659860969,-0.049134701,17,270
2020/7/14,15:03:07,22.9024712,120.2728248,9.876,-254,237,366,-26,-31,-1038,-36.37443542,-30.92775154,-9.876425743,-0.080176681,-1.119730949,-0.008728931,17,270
2020/7/14,15:03:10,22.902493,120.2727771,9.931,187,-141,-95,-32,-37,-976,-33.94202805,-35.81858063,-9.931887627,-0.072108291,-0.938007772,-0.039792314,17,270
2020/7/14,15:03:13,22.9025212,120.2727279,9.962,-27,128,-25,-65,74,-1050,-30.8115654,-40.87247467,-9.962796211,-0.031877704,-0.919118524,-0.071257763,17,270
2020/7/14,15:03:16,22.9025478,120.2726767,10.049,-146,146,-94,-76,110,-993,-27.85084915,-46.12042236,-10.0493536,-0.057181768,-0.891606331,-0.072023608,17,270
2020/7/14,15:03:19,22.9025775,120.2726417,10.269,-90,-17,386,16,122,-963,-24.53756332,-49.70484924,-10.26987076,-0.064101383,0.136648566,0.028471181,17,270
2020/7/14,15:03:22,22.9026281,120.2726594,10.117,12,9,75,79,69,-1000,-18.91193008,-47.89125824,-10.11784935,0.062940501,0.328383684,-0.082361028,17,270
2020/7/14,15:03:25,22.9026644,120.272676,10.1,-94,-12,77,8,139,-994,-14.8664732,-46.19258118,-10.10013199,0.007141557,0.264273137,-0.122226372,17,270
2020/7/14,15:03:28,22.9027066,120.27269,10.029,-18,19,87,-24,122,-1019,-10.17449474,-44.75305939,-10.02968502,0.005325836,0.418966025,-0.044454694,17,270
2020/7/14,15:03:31,22.9027479,120.2727098,10.033,45,63,648,54,48,-989,-5.574714661,-42.7258606,-10.03349304,-0.01059486,1.002669096,0.069304481,17,270
2020/7/14,15:03:34,22.9027603,120.2727608,9.97,22,-5,-101,-60,20,-1006,-4.192897797,-37.4960556,-9.970175743,0.015114897,1.358222485,-0.00385318,17,270
2020/7/14,15:03:37,22.9027681,120.2728177,9.96,92,-51,218,39,-67,-992,-3.320537567,-31.66000938,-9.960445404,-0.012830907,1.483142614,0.045382679,17,270
2020/7/14,15:03:40,22.9027738,120.2728714,9.881,-72,111,-244,19,44,-995,-2.688187599,-26.14987755,-9.880999565,0.00671369,1.463643312,0.022983653,17,270
2020/7/14,15:03:43,22.9027812,120.2729291,9.753,-79,-73,-23,74,-31,-986,-1.863335609,-20.23636818,-9.753664017,0.023232143,1.455557704,-0.003939713,17,270
2020/7/14,15:03:46,22.9027854,120.272983,9.715,9,-56,-21,-13,32,-989,-1.393508911,-14.70971489,-9.715073586,0.016934749,1.311492682,-0.039967366,17,270
2020/7/14,15:03:49,22.9027932,120.2730343,9.646,0,-34,17,-1,5,-1018,-0.526748657,-9.449644089,-9.64622879,0.017150562,1.355154514,-0.032636002,17,270
2020/7/14,15:03:52,22.9028008,120.27309,9.582,81,10,288,78,29,-1004,0.313311577,-3.741436005,-9.582234383,-0.015939191,1.405981064,-0.043094434,17,270
2020/7/14,15:03:55,22.9028034,120.2731198,8.917,41,-98,48,71,-36,-961,0.609369278,-0.676895142,-8.917387009,0.078532808,1.503516436,-0.009301458,17,270
2020/7/14,15:05:13,22.9028165,120.2731342,8.877,-255,-205,-95,-49,83,-908,-0.075009823,-0.112941742,-8.877643585,-0.014350069,-1.62278986,-0.012765879,17,270
2020/7/14,15:05:16,22.9027869,120.273121,10.073,-27,189,-8,0,-84,-995,-3.363371849,-1.471694946,-10.07362366,-0.061542425,-2.69828558,0.056707866,17,270
2020/7/14,15:05:19,22.9027355,120.2730927,9.973,113,8,-27,-48,-148,-993,-9.090353012,-4.37783432,-9.973958969,-0.034937624,-2.812443495,0.085405879,17,270
2020/7/14,15:05:22,22.9026903,120.2730668,9.965,44,2,-13,-32,-104,-996,-14.11619568,-7.031963348,-9.965076447,-0.050122708,-2.856086254,0.076265216,17,270
2020/7/14,15:05:25,22.9026432,120.2730427,10.12,35,11,-94,-104,-94,-1044,-19.36449051,-9.505290985,-10.12028122,-0.056925274,-2.808578968,0.066599324,17,270
2020/7/14,15:05:28,22.9025973,120.2730195,10.027,-63,66,-79,-74,-100,-1031,-24.47526932,-11.883255,-10.02757072,-0.072347015,-2.760535717,0.050420091,17,270
2020/7/14,15:05:31,22.9025458,120.2729952,10.089,63,-130,24,-94,-92,-1036,-30.20216942,-14.37146759,-10.08906746,-0.020590704,-2.652399778,0.142057881,17,270
2020/7/14,15:05:34,22.9025141,120.2729725,10.052,-87,-110,1246,-80,16,-1015,-33.73744965,-16.69783401,-10.05215263,-0.044454806,-1.797526598,0.184304178,17,270
2020/7/14,15:05:37,22.9025466,120.2729349,10.321,3,-89,27,-73,85,-944,-30.11253929,-20.55043793,-10.32178879,-0.123914257,-0.833043396,-0.037011087,17,270
2020/7/14,15:05:40,22.9025857,120.2728924,9.941,-38,-34,0,-65,43,-999,-25.76152992,-24.90803528,-9.941513062,-0.083530754,-0.767070532,-0.084185421,17,270
2020/7/14,15:05:43,22.9026225,120.2728508,10.099,-144,107,11,-110,149,-970,-21.66635704,-29.17863464,-10.09969521,-0.117619514,-0.709561586,-0.055191278,17,270
2020/7/14,15:05:46,22.9026618,120.2728099,10.074,24,214,22,-58,27,-1018,-17.28858757,-33.36898422,-10.07426643,-0.041117381,-0.714741051,-0.057106696,17,270
2020/7/14,15:05:49,22.9027047,120.272765,10.112,-112,12,63,-77,134,-991,-12.51559258,-37.97971344,-10.11249352,-0.055833306,-0.75329107,-0.049743481,17,270
2020/7/14,15:05:52,22.9027421,120.272726,10.105,-30,25,-9,-29,21,-997,-8.352554321,-41.9724884,-10.10542107,-0.058448318,-0.747426271,-0.077760525,17,270
2020/7/14,15:05:55,22.9027583,120.2727201,10.192,125,67,1061,74,26,-1004,-6.555236816,-42.5851059,-10.19249725,-0.051279172,0.915546298,0.039985031,17,270
2020/7/14,15:05:58,22.9027612,120.2727792,10.003,-105,-227,-467,-57,0,-1038,-6.226177216,-36.51836014,-10.00312233,-0.004766292,1.448211432,-0.060189091,17,270
2020/7/14,15:06:01,22.9027702,120.2728362,10.002,-25,-15,52,33,2,-1017,-5.228772163,-30.67421341,-10.00242233,0.034513619,1.438453197,-0.022460468,17,270
2020/7/14,15:06:04,22.9027769,120.2728903,9.968,-23,56,103,-10,29,-983,-4.478862762,-25.1316452,-9.968353271,0.002622345,1.32459116,-0.018166821,17,270
2020/7/14,15:06:07,22.9027839,120.2729504,9.871,6,97,-94,-42,90,-988,-3.706118584,-18.96149063,-9.871728897,0.03476391,1.418272853,-0.043423377,17,270
2020/7/14,15:06:10,22.9027922,120.2730061,9.739,54,54,-20,103,-20,-982,-2.78092289,-13.24979019,-9.73956871,0.019792374,1.52799964,-0.01720142,17,270
2020/7/14,15:06:13,22.9027982,120.2730654,9.69,57,0,257,52,-7,-990,-2.112275124,-7.169551849,-9.690717697,0.013303227,1.617922902,-0.032493621,17,270
2020/7/14,15:06:16,22.9028058,120.2731147,9.58,63,-69,16,76,-77,-940,-1.263578415,-2.114429474,-9.580265045,0.141624466,1.396365404,0.020142265,17,270
2020/7/14,15:06:19,22.9028027,120.2731218,8.09,91,-79,-41,-10,20,-1016,-1.604987144,-1.389907837,-8.090831757,0.058207441,1.435899377,-0.047000378,17,270
2020/7/14,16:31:44,22.9021923,120.2732094,10.041,116,-14,671,-119,-49,-993,-73.79472351,-6.651238918,-10.04106426,-0.087947614,-2.683149576,0.136433959,16,262
2020/7/14,16:31:47,22.9021636,120.273148,9.887,94,7,123,-71,42,-986,-76.98867798,-12.94404984,-9.887199402,-0.127645299,-1.811850071,-0.070108086,16,262
2020/7/14,16:31:50,22.9021498,120.2730721,10.056,-13,233,387,-20,87,-1005,-78.52477264,-20.7247963,-10.05698681,-0.024413101,-1.612334967,0.015536674,16,262
2020/7/14,16:31:53,22.9021791,120.2730365,10.324,-66,-4,8,26,59,-1003,-75.26358795,-24.3795681,-10.32421303,-0.07923077,-0.196248114,-0.057395257,16,262
2020/7/14,16:31:56,22.9022481,120.2730266,10.031,-44,-9,33,-35,87,-921,-67.5916214,-25.39992905,-10.03137302,-0.021041244,-0.156990647,-0.053315215,16,262
2020/7/14,16:31:59,22.9023154,120.2730175,10.176,-200,87,-647,-55,147,-976,-60.09451294,-26.32931519,-10.1768446,0.05776928,-0.61055851,-0.20525752,16,262
2020/7/14,16:32:02,22.902322,120.272962,10.096,171,-25,-83,3,-7,-955,-59.36413574,-32.02174759,-10.09661198,-0.098704658,-1.628567219,-0.103104085,16,262
2020/7/14,16:32:05,22.9023132,120.2728839,10.127,-23,51,-13,-99,113,-1017,-60.34118271,-40.03156281,-10.12772465,-0.14282684,-1.689106822,-0.073498942,16,262
2020/7/14,16:32:08,22.9023027,120.2727998,10.255,63,143,29,-63,60,-971,-61.51425934,-48.64944839,-10.25542736,-0.08473675,-1.686876655,-0.06406001,16,262
2020/7/14,16:32:11,22.9022961,120.272726,10.323,164,-301,1061,-127,91,-1032,-62.23921585,-56.21791077,-10.32398224,0.038228508,-1.013043642,0.071449906,16,262
2020/7/14,16:32:14,22.902339,120.2727257,9.988,48,67,-131,39,27,-985,-57.47057724,-56.25366974,-9.988846779,0.017576408,0.210767195,-0.010026957,16,262
2020/7/14,16:32:17,22.9024087,120.2727368,10.041,19,26,0,78,-46,-972,-49.70790863,-55.10687256,-10.04183865,0.021863468,0.155601621,-0.014301851,16,262
2020/7/14,16:32:20,22.9024815,120.2727496,10.123,10,-15,21,25,59,-983,-41.61036682,-53.79944229,-10.12367153,0.018088438,0.12463481,-0.015942808,16,262
2020/7/14,16:32:23,22.9025572,120.2727622,10.133,51,-54,527,44,-8,-994,-33.18230438,-52.50592804,-10.13311672,0.036137115,0.438416243,0.106460929,16,262
2020/7/14,16:32:26,22.9026096,120.2728171,10.091,-30,-6,-8,-71,32,-1021,-27.34874344,-46.87692642,-10.09164047,-0.000761819,0.908916712,0.039791986,16,262
2020/7/14,16:32:29,22.9026568,120.2728908,9.958,36,37,-10,8,-17,-1005,-22.08947372,-39.32014084,-9.958963394,0.004076308,0.907392144,0.022695661,16,262
2020/7/14,16:32:32,22.9027015,120.2729596,9.888,15,-56,-23,65,-92,-963,-17.11527443,-32.26281357,-9.888173103,-0.00208549,0.92942816,0.034565046,16,262
2020/7/14,16:32:35,22.9027453,120.27303,9.762,82,5,9,14,-53,-990,-12.23781204,-25.05030251,-9.762821198,0.012649411,0.942988873,0.024523646,16,262
2020/7/14,16:32:38,22.902789,120.2730976,9.656,39,-7,-83,-37,-40,-993,-7.369959831,-18.11466217,-9.656018257,0.075928524,0.935031295,0.015974555,16,262
2020/7/14,16:32:41,22.9028039,120.2731198,8.669,-12,-99,-24,32,59,-1008,-5.720887184,-15.83954811,-8.669529915,0.102526233,0.903431296,0.04003489,16,262
2020/7/14,16:32:44,22.9028033,120.273119,7.15,-16,2,-5,45,-11,-1000,-5.782087326,-15.91930389,-7.150993824,0.063712142,0.900198817,0.026368206,16,262
2020/7/14,16:34:24,22.9027992,120.2731133,8.197,84,0,103,49,-94,-913,0.366781235,-0.13574791,-8.197824478,0.089985617,0.795141876,-0.000578505,16,262
2020/7/14,16:34:27,22.9027793,120.2731144,9.941,70,20,-60,-32,-43,-980,-1.849703789,-0.025676727,-9.941144943,-0.12396992,2.824065447,0.019727014,16,262
2020/7/14,16:34:30,22.9027303,120.2731264,10.408,-19,-128,-100,-103,-45,-1028,-7.304098129,1.208339691,-10.40869045,-0.087730795,2.924970627,-0.019774288,16,262
2020/7/14,16:34:33,22.9026722,120.2731392,10.138,5,-5,-12,-74,-60,-1013,-13.77370453,2.517869949,-10.13839912,-0.056862399,2.951882839,0.015755631,16,262
2020/7/14,16:34:36,22.9026188,120.2731483,9.92,93,9,53,-32,-64,-1009,-19.71631622,3.450176239,-9.920683861,-0.039130148,2.895937204,-0.008613423,16,262
2020/7/14,16:34:39,22.9025705,120.2731604,10.145,25,29,54,-23,-125,-1013,-25.10020447,4.686691284,-10.1453886,-0.076030813,2.98255825,0.039331071,16,262
2020/7/14,16:34:42,22.9025202,120.2731696,10.18,87,-33,20,-56,-55,-977,-30.69522476,5.635713577,-10.18014145,-0.091335446,2.981038094,0.01779395,16,262
2020/7/14,16:34:45,22.9024738,120.2731781,10.132,-62,12,533,-95,-23,-1035,-35.86552429,6.504071236,-10.13268089,0.061033648,2.959021568,0.025564203,16,262
2020/7/14,16:34:48,22.90249,120.273148,9.846,-112,95,-191,-22,0,-969,-34.06156158,3.422670364,-9.846418381,-0.012418573,-1.080448747,-0.074999616,16,262
2020/7/14,16:34:51,22.9025114,120.2731016,10.1,32,24,55,53,-69,-948,-31.67954636,-1.335578918,-10.10007954,-0.061334863,-1.063165307,-0.077782288,16,262
2020/7/14,16:34:54,22.9025358,120.2730511,10.096,-9,-57,-38,-38,93,-1006,-28.96469879,-6.517494202,-10.09653759,-0.041716848,-1.044320703,-0.061802208,16,262
2020/7/14,16:34:57,22.9025636,120.2729972,10.112,-199,14,-58,-106,168,-993,-25.86433029,-12.04152107,-10.11286545,-0.041107714,-1.056333423,-0.065009944,16,262
2020/7/14,16:35:00,22.9025906,120.2729466,10.123,25,0,-35,-81,71,-1046,-22.86136627,-17.22729301,-10.12358952,-0.047266711,-1.108060837,-0.066068716,16,262
2020/7/14,16:35:03,22.9026149,120.2728977,10.13,125,-42,92,-92,76,-978,-20.15638733,-22.25055122,-10.13035107,-0.069597222,-1.118070245,-0.045260698,16,262
2020/7/14,16:35:06,22.9026401,120.2728474,10.32,41,107,-11,24,32,-988,-17.35380936,-27.40935707,-10.3207674,-0.041567814,-1.10763967,-0.041259646,16,262
2020/7/14,16:35:09,22.9026702,120.2727916,9.982,-48,-14,49,-26,99,-979,-13.97256088,-33.15969086,-9.982258797,-0.041793242,-1.097422719,-0.074684054,16,262
2020/7/14,16:35:12,22.9026953,120.2727408,9.95,86,36,61,5,-23,-951,-11.20736313,-38.33309174,-9.950590134,-0.021372147,-1.068430662,-0.055904143,16,262
2020/7/14,16:35:15,22.9027207,120.2726916,10.031,-113,21,-15,-110,131,-1004,-8.373151779,-43.3817749,-10.03168774,0.073974349,-1.118002176,-0.052212365,16,262
2020/7/14,16:35:18,22.9027069,120.2726844,10.182,-38,-53,-22,-41,32,-1006,-9.915365219,-44.12111664,-10.18248367,-0.137695476,2.995727539,0.019564614,16,262
2020/7/14,16:35:21,22.9026542,120.272692,10.178,-37,31,5,-29,49,-976,-15.77708054,-43.34321594,-10.17827511,-0.082839489,2.952046871,0.0195181,16,262
2020/7/14,16:35:24,22.9025993,120.2727019,10.114,0,71,-36,-80,-61,-1001,-21.88547325,-42.32962799,-10.1147871,-0.095849559,2.972305298,0.026774671,16,262
2020/7/14,16:35:27,22.9025485,120.2727109,10.045,-108,24,6,-124,75,-987,-27.54582977,-41.39830017,-10.04571533,-0.072720468,2.985133886,0.015338507,16,262
2020/7/14,16:35:30,22.9024969,120.27272,10.165,8,14,33,-84,-29,-1003,-33.29311371,-40.46845245,-10.16520786,-0.082046054,2.991213083,0.017041003,16,262
2020/7/14,16:35:33,22.9024403,120.2727316,9.938,-8,113,97,-51,-102,-1016,-39.5908165,-39.27700043,-9.938169479,-0.050700799,3.014054298,0.054082498,16,262
2020/7/14,16:35:36,22.9024276,120.2727661,9.898,40,-24,190,-50,3,-1022,-40.99969482,-35.74129486,-9.898973465,-0.013781444,1.485792398,0.020390457,16,262
2020/7/14,16:35:39,22.9024338,120.2728222,9.968,-107,30,54,-61,27,-1006,-40.30797577,-29.94792366,-9.970246315,-0.013580706,1.497308373,0.050957568,16,262
2020/7/14,16:35:42,22.9024381,120.2728833,10.091,-113,-70,-136,-64,22,-995,-39.83586121,-23.72288704,-10.09102154,-0.031363528,1.381255507,0.007521735,16,262
2020/7/14,16:35:45,22.9024464,120.2729445,10.055,-4,-3,-46,-40,-66,-1034,-38.91101456,-17.45139885,-10.0556078,0.019254133,1.448168278,0.039415538,16,262
2020/7/14,16:35:48,22.9024536,120.2730096,10.076,6,-133,-26,-36,-19,-1002,-38.10634613,-10.77630806,-10.07619762,0.01540142,1.43977952,0.040806569,16,262
2020/7/14,16:35:51,22.9024597,120.2730667,10.071,11,-28,-49,98,-43,-945,-37.4274826,-4.912755966,-10.07154465,0.019802369,1.406233549,0.027745791,16,262
2020/7/14,16:35:54,22.9024671,120.2731258,9.991,-25,0,-8,59,-14,-1006,-36.60297012,1.138767242,-9.991301537,0.038044263,1.449105263,0.036861584,16,262
2020/7/14,16:35:57,22.9024762,120.2731803,10.055,-156,3,-1236,87,78,-950,-35.59664917,6.730657578,-10.05510044,0.035212412,0.364691257,-0.200795203,16,262
2020/7/14,16:36:00,22.9025217,120.2731727,10.242,67,-37,74,36,62,-1000,-30.52895737,5.957511902,-10.24224949,0.023679335,-0.189636931,-0.087078057,16,262
2020/7/14,16:36:03,22.9025819,120.2731597,9.967,63,78,-35,-26,85,-1015,-23.83303452,4.618001938,-9.967004776,0.02827806,-0.135369733,-0.096576564,16,262
2020/7/14,16:36:06,22.9026315,120.2731515,9.69,-112,66,-81,-24,200,-1030,-18.30909157,3.778722763,-9.690893173,0.006411883,-0.157341361,-0.089535058,16,262
2020/7/14,16:36:09,22.902693,120.2731418,9.573,12,18,0,42,63,-971,-11.46282768,2.781625748,-9.573628426,0.026878025,-0.25648281,-0.095996253,16,262
2020/7/14,16:36:12,22.9027498,120.2731305,9.463,-64,-42,3,-31,114,-999,-5.13398838,1.621368408,-9.463545799,0.05555743,-0.19198595,-0.088645861,16,262
2020/7/14,16:36:15,22.9027983,120.2731214,9.342,-17,-94,39,-32,83,-941,0.258900642,0.69197464,-9.342407227,0.147024721,-0.131756186,-0.057107866,16,262
2020/7/14,16:36:18,22.9028042,120.2731214,7.923,14,-32,63,126,1,-944,0.92338562,0.694166183,-7.923277855,0.079255193,-0.112562388,-0.070971906,16,262
2020/7/14,16:43:01,22.9028009,120.2731032,8.381,-13,30,65,-108,150,-944,-0.195295334,0.036849976,-8.381936073,-0.069604635,-1.605356812,-0.103390172,16,262
2020/7/14,16:43:04,22.9027731,120.2731094,10.171,-83,94,-222,-139,-36,-999,-3.293384552,0.670888901,-10.17163754,-0.15129903,2.869589806,0.047231354,16,262
2020/7/14,16:43:07,22.9027058,120.2731214,10.297,-27,-196,-120,-157,76,-976,-10.78674698,1.899778366,-10.29775906,-0.099158525,2.882033825,-0.023746911,16,262
2020/7/14,16:43:10,22.9026317,120.2731374,10.287,105,58,5,-88,-66,-1028,-19.02461624,3.544975281,-10.28748131,-0.121662818,2.80919981,-0.012329018,16,262
2020/7/14,16:43:13,22.9025516,120.2731612,10.133,-106,8,12,-104,24,-1030,-27.94392204,5.982738495,-10.13355637,-0.096542448,2.953282356,0.024289481,16,262
2020/7/14,16:43:16,22.9024816,120.2731759,9.968,-98,-310,-219,-137,40,-933,-35.74308777,7.491009712,-9.968213081,0.037412174,2.913167477,-0.022600448,16,262
2020/7/14,16:43:19,22.9024836,120.2731611,9.976,-121,12,1066,-208,142,-1018,-35.51824188,5.977842331,-9.97628212,-0.171202719,-2.179515362,0.03154631,16,262
2020/7/14,16:43:22,22.9025171,120.2731051,9.935,34,-129,101,-119,184,-986,-31.78618431,0.23326683,-9.935834885,-0.065737918,-1.123423219,-0.143314004,16,262
2020/7/14,16:43:25,22.9025516,120.2730418,10.308,169,84,-50,-131,122,-981,-27.94260979,-6.261348724,-10.30824375,-0.030178301,-1.030931354,-0.159626752,16,262
2020/7/14,16:43:28,22.9025951,120.272964,10.176,-131,140,-1,-58,189,-1045,-23.10527611,-14.23919296,-10.17600727,-0.02406022,-0.976161361,-0.112877958,16,262
2020/7/14,16:43:31,22.902639,120.2728903,9.997,5,0,174,-2,115,-956,-18.21207809,-21.7930069,-9.997906685,0.008939233,-1.054714084,-0.093066223,16,262
2020/7/14,16:43:34,22.902679,120.2728205,10.059,-37,5,56,19,136,-975,-13.76706314,-28.95765305,-10.05998325,-0.00753994,-0.985941291,-0.060280629,16,262
2020/7/14,16:43:37,22.9027232,120.2727477,10.161,95,-66,-46,-27,109,-950,-8.839323044,-36.4210434,-10.16137791,-0.030193064,-1.004115701,-0.091531694,16,262
2020/7/14,16:43:40,22.9027538,120.2726978,10.024,97,-24,45,-49,122,-983,-5.440854073,-41.53425598,-10.02438164,0.104655161,-1.156149983,-0.121734768,16,262
2020/7/14,16:43:43,22.9027608,120.2727233,10.13,-10,239,1040,10,1,-1016,-4.655514717,-38.91878891,-10.13069153,0.026439793,0.986497462,0.104096718,16,262
2020/7/14,16:43:46,22.9027655,120.2727954,10.043,91,29,86,15,-127,-1022,-4.131168365,-31.52282333,-10.04330444,0.020769045,1.424284697,0.054681264,16,262
2020/7/14,16:43:49,22.9027734,120.2728844,10.092,-62,120,-174,77,-75,-979,-3.260613441,-22.40003204,-10.09247398,0.022348512,1.369936228,0.036391743,16,262
2020/7/14,16:43:52,22.9027822,120.272966,9.911,25,93,-55,8,-81,-1049,-2.274013519,-14.03292465,-9.911641121,0.057999264,1.409111142,0.038122617,16,262
2020/7/14,16:43:55,22.9027921,120.2730463,9.482,9,5,-80,-86,-17,-1043,-1.171398163,-5.80122757,-9.482390404,-0.006979994,1.329248428,0.030974315,16,262
2020/7/14,16:43:58,22.9028042,120.2731148,9.55,-25,-226,48,44,-152,-926,0.172409058,1.221557617,-9.550533295,0.168971732,1.411020279,0.104388632,16,262
2020/7/14,16:44:01,22.9028034,120.2731183,8.26,-17,136,-49,-21,7,-995,0.081375122,1.584590912,-8.260913849,0.059397768,1.432836652,0.086796217,16,262
2020/7/14,16:50:13,22.9026604,120.2731561,10.057,62,36,204,-34,-46,-940,-22.23435211,-7.318487167,-10.0573349,-0.067631938,-2.801167488,0.005212283,16,262
2020/7/14,16:50:16,22.9025968,120.2731152,9.924,47,-45,24,-119,-25,-1003,-29.3134346,-11.50827217,-9.924222946,-0.131005973,-2.553823948,-0.045744866,16,262
2020/7/14,16:50:19,22.902529,120.2730656,10.178,-62,17,59,-94,56,-955,-36.85895538,-16.59610367,-10.17852688,-0.09669707,-2.42312336,0.012501798,16,262
2020/7/14,16:50:22,22.9024677,120.2730144,10.242,-79,100,5,-70,-9,-986,-43.68914413,-21.84734726,-10.24251938,-0.111533657,-2.455249548,0.00602898,16,262
2020/7/14,16:50:25,22.9024044,120.2729604,10.097,12,-465,-45,-30,-54,-936,-50.73350906,-27.38480377,-10.09725571,-0.060297973,-2.50180459,-0.014468646,16,262
2020/7/14,16:50:28,22.902344,120.2729125,10.009,-40,-121,3,-179,65,-971,-57.46093369,-32.29785156,-10.00911713,-0.121882856,-2.489677191,-0.014917426,16,262
2020/7/14,16:50:31,22.9022764,120.2728582,9.916,-17,31,-14,-98,89,-949,-64.98461914,-37.86684418,-9.916270256,-0.122883692,-2.501758099,-0.052630059,16,262
2020/7/14,16:50:34,22.9022156,120.2728097,10.013,62,-58,36,-148,-1,-962,-71.75496674,-42.83610535,-10.01331139,-0.185716569,-2.48626709,-0.055299707,16,262
2020/7/14,16:50:37,22.9021522,120.2727595,10.398,114,118,145,-70,34,-962,-78.80806732,-47.98049545,-10.39810371,0.032763243,-2.407711744,-0.014566978,16,262
2020/7/14,16:50:40,22.9021537,120.2727528,10.029,168,-47,1298,-52,43,-1038,-78.63916016,-48.66730118,-10.02911091,-0.049318653,-1.258802056,0.020771081,16,262
2020/7/14,16:50:43,22.9022117,120.2727751,9.978,-74,-5,-155,86,73,-974,-72.18206024,-46.38298035,-9.978110313,0.050844211,0.158476725,-0.118207365,16,262
2020/7/14,16:50:46,22.902277,120.2727957,10.087,95,-103,-78,93,57,-976,-64.91921234,-44.27322388,-10.08776093,0.062888727,0.208488449,-0.025298391,16,262
2020/7/14,16:50:49,22.9023542,120.272819,10.122,24,-4,-36,42,-8,-982,-56.32018661,-41.8883934,-10.12284184,0.038091403,0.278394222,-0.054969579,16,262
2020/7/14,16:50:52,22.9024272,120.2728429,10.039,31,-140,45,104,31,-1071,-48.19605637,-39.43523026,-10.03952026,0.05133912,0.203658894,-0.04572504,16,262
2020/7/14,16:50:55,22.9025051,120.2728619,10.108,-36,4,-688,54,39,-1024,-39.52930832,-37.48434067,-10.10822773,0.018178966,-0.233316407,-0.210380778,16,262
2020/7/14,16:50:58,22.9025622,120.2728175,10.371,89,71,6,-27,126,-951,-33.17009354,-42.03389359,-10.37149715,-0.032483567,-0.746728361,-0.119802363,16,262
2020/7/14,16:51:01,22.9026183,120.2727576,10.19,-37,-79,-16,-64,186,-957,-26.92486954,-48.18283844,-10.19060993,-0.018547319,-0.788153291,-0.104451939,16,262
2020/7/14,16:51:04,22.9026769,120.2726912,10.005,-64,-48,-60,-48,94,-989,-20.91938972,-54.48716736,-10.02707481,-0.035535466,-0.73635906,-0.088972047,16,262
2020/7/14,16:51:07,22.9027292,120.2726343,10.059,145,105,-88,-1,5,-1033,-14.57178688,-60.82194519,-10.05977917,0.091505259,-0.811353564,-0.076043293,16,262
2020/7/14,16:51:10,22.9027419,120.2726296,9.872,-1,-1,1227,122,19,-961,-13.16037941,-61.30029297,-9.872151375,0.027597114,-0.040851578,0.054508477,16,262
2020/7/14,16:51:13,22.9027522,120.2726955,9.987,-2,-8,-50,74,-70,-961,-12.01886654,-54.54377747,-9.98780632,0.015278115,1.523139715,0.077349089,16,262
2020/7/14,16:51:16,22.902756,120.2727714,10.17,-97,-1,-30,0,-4,-991,-11.5952301,-46.76724625,-10.17018509,0.024012651,1.380521774,0.02297451,16,262
2020/7/14,16:51:19,22.9027681,120.2728524,9.878,-14,4,9,87,-57,-936,-10.24407768,-38.46231842,-9.878962517,-0.013969941,1.358543396,0.042389095,16,262
2020/7/14,16:51:22,22.9027806,120.272942,9.885,-24,66,35,29,-44,-985,-8.85198307,-29.21157074,-9.88465023,-0.032289676,1.397245526,0.06172961,16,262
2020/7/14,16:51:25,22.9027914,120.2730269,9.723,-64,52,16,-81,51,-990,-7.654596329,-20.56749344,-9.723485947,0.008060358,1.403863907,0.055292815,16,262
2020/7/14,16:51:28,22.9028008,120.2731079,9.606,48,181,12,-35,-53,-945,-6.60819912,-12.25663567,-9.606499672,0.095481798,1.286493659,0.005115522,16,262
2020/7/14,16:51:31,22.9028037,120.2731191,8.35,-4,136,9,107,-14,-963,-6.2819767,-11.11307526,-8.350153923,0.046241779,1.328676701,0.027665248,16,262
2020/7/14,16:52:27,22.902786,120.2731232,9.909,-250,10,842,-88,50,-964,-1.266461372,0.002046585,-9.909269333,-0.119722746,2.674711704,0.040431455,16,262
2020/7/14,16:52:30,22.9027406,120.273129,10.373,10,9,29,-81,-31,-994,-6.321275711,0.600791931,-10.37355137,-0.117933027,2.917818785,-0.023733947,16,262
2020/7/14,16:52:33,22.9026831,120.2731371,10.143,87,193,31,-178,50,-1060,-12.72191811,1.428342819,-10.14349079,-0.112978727,2.952902317,-0.015507692,16,262
2020/7/14,16:52:36,22.9026275,120.2731428,9.836,-7,-4,-18,-174,74,-1010,-18.90748787,2.01763916,-9.836844444,-0.081302874,2.909986258,-0.017728321,16,262
2020/7/14,16:52:39,22.9025729,120.2731521,9.905,-40,-51,24,-147,24,-975,-24.98893929,2.965749741,-9.905399323,-0.106897183,3.042140245,0.029863363,16,262
2020/7/14,16:52:42,22.9025228,120.273156,9.987,20,-54,-17,-171,40,-991,-30.56340218,3.36892128,-9.987070084,-0.105912149,2.974710464,0.021411678,16,262
2020/7/14,16:52:45,22.9024715,120.2731625,10.107,-143,-131,-61,6,-58,-923,-36.27870941,4.037055969,-10.10739803,-0.098555349,3.014015675,0.009007724,16,262
2020/7/14,16:52:48,22.9024336,120.2731535,10.051,-176,75,301,-80,62,-1020,-40.49588013,3.116357803,-10.05183506,-0.159177959,-1.93821013,-0.040514536,16,262
2020/7/14,16:52:51,22.9024226,120.2730982,10.053,44,-65,58,-58,108,-999,-41.71340942,-2.560083389,-10.0535326,-0.08136224,-1.739061117,-0.052782111,16,262
2020/7/14,16:52:54,22.9024159,120.2730399,9.985,-49,15,-101,-65,72,-998,-42.46192932,-8.532058716,-9.98541832,-0.068986394,-1.775072217,-0.101877533,16,262
2020/7/14,16:52:57,22.9024071,120.2729769,10.077,-4,-76,-61,-105,110,-959,-43.4457016,-14.9949379,-10.0776844,-0.047538534,-1.739127755,-0.076406375,16,262
2020/7/14,16:53:00,22.9023999,120.2729196,10.102,68,36,31,-55,74,-990,-44.24686432,-20.87265396,-10.10239697,-0.060618177,-1.789927363,-0.074831665,16,262
2020/7/14,16:53:03,22.9023921,120.2728543,10.072,35,5,20,-64,116,-999,-45.11032867,-27.56550217,-10.07203197,-0.0637061,-1.82256031,-0.114288852,16,262
2020/7/14,16:53:06,22.9023839,120.2727979,10.355,-66,-154,0,-60,130,-973,-46.01989746,-33.34780502,-10.35573196,-0.045438845,-1.780059338,-0.099798478,16,262
2020/7/14,16:53:09,22.9023747,120.2727372,10.265,110,-71,-3,53,-8,-988,-47.05039215,-39.5777626,-10.26539421,-0.02062729,-1.738919377,-0.07609041,16,262
2020/7/14,16:53:12,22.9023674,120.2726888,9.742,-63,-89,366,-68,110,-996,-47.85605621,-44.53783798,-9.742787361,0.097202651,-1.438136578,-0.017147707,16,262
2020/7/14,16:53:15,22.9023913,120.2727097,9.851,-34,17,-203,-26,34,-991,-45.20375061,-42.40035629,-9.851239204,-0.036195647,1.029520392,0.022702698,16,262
2020/7/14,16:53:18,22.9024257,120.2727551,10.016,-89,4,-12,7,125,-1000,-41.36961365,-37.739254,-10.0168438,0.004552247,0.823549211,-0.05756215,16,262
2020/7/14,16:53:21,22.9024675,120.2727922,10.024,-63,23,166,-10,36,-1004,-36.71730042,-33.93307114,-10.02479935,-0.000226643,0.826934397,0.06762445,16,262
2020/7/14,16:53:24,22.9025024,120.2728373,10.04,145,82,-27,45,-62,-993,-32.82946777,-29.31288528,-10.0406723,-0.030947179,0.714479446,-0.019035714,16,262
2020/7/14,16:53:27,22.9025429,120.2728811,10.131,72,42,57,59,-42,-1010,-28.32438469,-24.82551956,-10.13120651,0.02725739,0.723144114,0.022569079,16,262
2020/7/14,16:53:30,22.9025828,120.272924,9.978,-157,245,44,21,22,-1020,-23.88181114,-20.41893387,-9.978984833,0.0289196,0.754458845,0.033086672,16,262
2020/7/14,16:53:33,22.9026048,120.2729204,9.993,-73,116,299,-25,84,-996,-21.43212509,-20.79444885,-9.993163109,-0.101659857,-1.293309331,-0.076476067,16,262
2020/7/14,16:53:36,22.9026257,120.2728681,10.094,56,-16,49,-38,69,-999,-19.11123466,-26.15439987,-10.09481335,-0.037677836,-1.051617742,-0.059671693,16,262
2020/7/14,16:53:39,22.9026528,120.27281,10.118,-16,-71,-8,-10,144,-964,-16.0957222,-32.11613464,-10.1185112,0.0030618,-1.087021351,-0.082400598,16,262
2020/7/14,16:53:42,22.9026779,120.2727586,10.02,38,-23,-4,-25,4,-1007,-13.29987717,-37.38132477,-10.02082157,-0.047665209,-1.142306328,-0.067367457,16,262
2020/7/14,16:53:45,22.9027055,120.272702,9.972,-21,19,-32,-69,102,-973,-10.22386169,-43.18620682,-9.972186089,-0.035556551,-1.160000443,-0.088878907,16,262
2020/7/14,16:53:48,22.9027306,120.2726472,10.068,-139,48,6,-95,166,-998,-7.425273895,-48.80270767,-10.06802368,-0.01223493,-1.162690759,-0.104710706,16,262
2020/7/14,16:53:51,22.9027407,120.2726213,10.195,102,-120,1167,-34,83,-1015,-6.304132462,-51.46471024,-10.19503498,0.075104356,-0.725571215,-0.004599364,16,262
2020/7/14,16:53:54,22.9027496,120.2726701,9.991,-129,101,-52,-57,0,-984,-5.316737175,-46.46202469,-9.99115181,-0.021695212,1.510994196,0.073601812,16,262
2020/7/14,16:53:57,22.9027535,120.272728,9.981,-125,-30,-124,-49,-102,-1048,-4.880602837,-40.48178482,-9.977384567,-0.037816312,1.359729052,0.059569754,16,262
2020/7/14,16:54:00,22.9027608,120.2727894,9.86,64,3,63,50,-73,-959,-4.069622993,-34.22857666,-9.860322952,0.034367505,1.337507367,0.047486655,16,262
2020/7/14,16:54:03,22.9027692,120.2728519,9.885,-17,38,-138,66,16,-997,-3.13747406,-27.8104744,-9.88500309,0.039285704,1.366551042,0.054386027,16,262
2020/7/14,16:54:06,22.9027769,120.2729063,9.819,-65,5,-18,42,-51,-951,-2.276515007,-22.23467636,-9.81927681,0.007382086,1.433735132,0.076836027,16,262
2020/7/14,16:54:09,22.9027839,120.2729617,9.678,29,4,1,60,-119,-1005,-1.495197296,-16.5604744,-9.678215981,0.000752599,1.401789546,0.076862223,16,262
2020/7/14,16:54:12,22.9027907,120.2730221,9.605,192,20,-10,31,-149,-991,-0.741270065,-10.35799789,-9.605195045,0.008963808,1.382156134,0.044621661,16,262
2020/7/14,16:54:15,22.9027991,120.2730859,9.618,-71,18,224,65,-57,-1025,0.192567825,-3.824428558,-9.618662834,0.055375837,1.431403756,0.057614535,16,262
2020/7/14,16:54:18,22.9028014,120.2731172,8.87,54,2,-4,93,-136,-1031,0.450210571,-0.61108017,-8.870499611,0.07104142,1.461515307,0.020529909,16,262
2020/7/14,16:54:21,22.9028031,120.2731187,7.28,42,-56,30,65,-7,-969,0.637101173,-0.451717377,-7.280897617,0.045364022,1.409100533,0.016000003,16,262
2020/7/14,16:55:40,22.902791,120.2731268,9.858,68,241,52,-96,58,-981,-1.626070023,-0.056419373,-9.858843803,-0.136430755,2.721331596,0.101708055,16,262
2020/7/14,16:55:43,22.9027421,120.2731386,10.278,-20,12,109,-130,17,-997,-7.073890686,1.151573181,-10.27827072,-0.110869348,2.872032642,0.019838132,16,262
2020/7/14,16:55:46,22.9026854,120.2731521,10.219,-81,25,-40,-111,-17,-1045,-13.38791275,2.536203384,-10.21941757,-0.086678274,2.97301507,0.002845162,16,262
2020/7/14,16:55:49,22.9026321,120.2731615,10.011,135,-7,171,-13,-90,-969,-19.31576157,3.499242783,-10.01170826,-0.048118092,2.888796806,0.014057958,16,262
2020/7/14,16:55:52,22.9025987,120.2731439,10.161,-89,90,0,-44,69,-981,-23.04112434,1.697834015,-10.16171169,-0.11760629,-2.182324171,-0.044977531,16,262
2020/7/14,16:55:55,22.9025779,120.2730877,9.777,-101,19,49,-91,130,-1037,-25.35582542,-4.068717957,-9.777037621,-0.12099342,-2.120099545,-0.115763783,16,262
2020/7/14,16:55:58,22.9025574,120.2730366,9.928,16,-47,106,-180,184,-967,-27.63104439,-9.305587769,-9.928367615,-0.117554151,-2.024748802,-0.107168257,16,262
2020/7/14,16:56:01,22.9025347,120.2729798,10.106,26,18,69,-99,107,-959,-30.16332054,-15.13444138,-10.10697937,-0.101276509,-1.942548513,-0.089402243,16,262
2020/7/14,16:56:04,22.9025169,120.2729257,10.204,-86,-84,79,-140,36,-978,-32.14583588,-20.67300797,-10.20432281,-0.100548737,-1.964563727,-0.056065261,16,262
2020/7/14,16:56:07,22.902499,120.2728702,10.192,-176,37,-131,-121,162,-975,-34.1401062,-26.36565018,-10.19245434,-0.102788724,-2.060389519,-0.110681877,16,262
2020/7/14,16:56:10,22.9024775,120.2728177,10.181,46,-125,80,-13,25,-983,-36.5311203,-31.74795914,-10.18193626,-0.090970345,-1.943464637,-0.047788508,16,262
2020/7/14,16:56:13,22.9024568,120.2727534,9.963,-41,-56,-54,-108,115,-1013,-38.82936859,-38.3447113,-9.963493347,-0.028700214,-1.993722558,-0.069822975,16,262
2020/7/14,16:56:16,22.9024373,120.2727029,10.108,-80,-71,-35,-171,120,-1025,-40.99964142,-43.522995,-10.10822201,-0.045391914,-1.928831458,-0.048118897,16,262
2020/7/14,16:56:19,22.9024272,120.2726674,10.01,43,-27,49,-129,50,-1011,-42.12582397,-47.16082764,-10.01088047,-0.002651311,-2.351246834,-0.112726547,16,262
2020/7/14,16:56:22,22.9024468,120.2727045,9.96,4,-29,-801,-46,8,-1062,-39.94799042,-43.36334229,-9.960267067,0.002368191,0.908648372,-0.01280099,16,262
2020/7/14,16:56:25,22.9024811,120.2727533,9.945,-5,23,49,18,-7,-1003,-36.12998199,-38.35459137,-9.945619583,0.031562977,1.025312304,0.023807811,16,262
2020/7/14,16:56:28,22.902511,120.2728034,10.016,-40,-23,-47,64,31,-963,-32.79804993,-33.21585464,-10.01699066,0.009430741,0.938329399,-0.000130084,16,262
2020/7/14,16:56:31,22.9025395,120.2728493,10.041,-92,124,60,-11,-76,-1034,-29.62481117,-28.51553726,-10.04196739,-0.000707404,0.964458048,-0.004135048,16,262
2020/7/14,16:56:34,22.9025703,120.2728975,10.052,7,39,-104,-1,-72,-1017,-26.20114326,-23.56570435,-10.05264473,-0.004873457,0.960968852,0.014046883,16,262
2020/7/14,16:56:37,22.9025954,120.2729347,10.109,-241,176,-651,13,28,-1012,-23.40459633,-19.75714493,-10.1098671,0.069056429,0.349875301,-0.064570591,16,262
2020/7/14,16:56:40,22.9026068,120.2729025,10.096,14,38,169,88,145,-984,-22.13514709,-23.0544014,-10.09622288,-0.024470601,-1.451797485,-0.065814726,16,262
2020/7/14,16:56:43,22.9026196,120.2728403,9.998,-143,121,-113,-93,131,-1014,-20.91585922,-28.89952469,-9.992657661,-0.033110589,-1.187669277,-0.057870671,16,262
2020/7/14,16:56:46,22.9026374,120.2727809,9.992,-53,57,-48,30,20,-993,-18.72670174,-35.52492905,-9.992370605,-0.017127097,-1.290219188,-0.052298203,16,262
2020/7/14,16:56:49,22.9026529,120.2727233,10.061,-74,-80,85,10,93,-934,-17.00937843,-41.42749023,-10.06117153,-0.014877964,-1.315564275,-0.054826416,16,262
2020/7/14,16:56:52,22.9026704,120.2726617,10.058,93,-88,16,-42,18,-1041,-15.05949974,-47.75327301,-10.05801964,0.007121747,-1.439484835,-0.078917764,16,262
2020/7/14,16:56:55,22.9026786,120.272633,10.03,70,260,-749,54,128,-1011,-14.14640427,-50.69567108,-10.03084373,0.113754988,-2.158243895,-0.11512775,16,262
2020/7/14,16:56:58,22.9026939,120.2726869,9.889,-53,0,-29,26,5,-1001,-12.44342995,-45.16524506,-9.889216423,0.025667779,1.284135342,0.061452694,16,262
2020/7/14,16:57:01,22.9027046,120.2727495,9.823,10,-59,-156,-51,-49,-998,-11.24654007,-38.74928665,-9.823746681,0.040645108,1.174906969,0.008762288,16,262
2020/7/14,16:57:04,22.9027201,120.2728001,10.065,50,86,31,1,-50,-1007,-9.523481369,-33.5591011,-10.06576252,0.001779783,1.250867248,0.05613187,16,262
2020/7/14,16:57:07,22.9027349,120.2728578,9.787,-22,32,37,32,-128,-993,-7.88026619,-27.64052582,-9.787464142,0.011717932,1.229566097,0.034939036,16,262
2020/7/14,16:57:10,22.9027486,120.2729126,9.704,23,-79,37,8,30,-957,-6.348532677,-22.01770401,-9.704645157,0.015175621,1.209644556,0.005257626,16,262
2020/7/14,16:57:13,22.9027668,120.2729718,9.75,-106,141,32,50,9,-989,-4.324350357,-15.94935989,-9.750157356,0.029741704,1.345775485,0.068689771,16,262
2020/7/14,16:57:16,22.9027807,120.2730269,9.748,37,-103,18,-51,12,-1008,-2.782048225,-10.30028152,-9.748093605,0.006500051,1.375368595,0.058984622,16,262
2020/7/14,16:57:19,22.9027951,120.2730843,9.575,-31,45,82,52,-86,-902,-1.170052528,-4.413045883,-9.575805664,0.005571162,1.328599811,0.066268846,16,262
2020/7/14,16:57:22,22.9028031,120.2731197,8.899,55,-28,5,8,-52,-987,-0.288135529,-0.788921356,-8.899405479,0.103043504,1.310335875,0.065616727,16,262
2020/7/14,17:03:26,22.9024038,120.2731575,10.032,27,48,82,-36,69,-988,-50.94509125,-7.853285789,-10.03242397,-0.089621641,-2.516100645,0.018420754,16,262
2020/7/14,17:03:29,22.902343,120.2731052,10.065,-78,-28,-9,-81,92,-957,-57.70847702,-13.21268368,-10.06567001,-0.138154909,-2.483041048,-0.06419193,16,262
2020/7/14,17:03:32,22.9022794,120.2730503,10.025,4,2,-10,-65,124,-957,-64.83627319,-18.87794495,-10.02669907,-0.110574573,-2.443444014,-0.073494047,16,262
2020/7/14,17:03:35,22.9022192,120.2729954,10.04,14,-21,63,-103,63,-963,-71.48981476,-24.46842957,-10.04016113,-0.125699371,-2.448075294,-0.078256659,16,262
2020/7/14,17:03:38,22.9021775,120.272948,10.229,-24,104,445,40,74,-989,-76.13671875,-29.32780075,-10.22989082,-0.135001972,-1.049581885,0.051540956,16,262
2020/7/14,17:03:41,22.9022137,120.2728982,10.03,56,34,62,-7,-24,-987,-72.10717773,-34.43524933,-10.03099632,-0.05427473,-0.799763978,-0.02284288,16,262
2020/7/14,17:03:44,22.9022637,120.2728402,10.123,-78,50,87,-113,133,-1012,-66.54282379,-40.38359451,-10.12381554,-0.033646222,-0.816323519,-0.043338954,16,262
2020/7/14,17:03:47,22.9023156,120.2727793,10.081,13,-50,0,-75,43,-1045,-60.76744843,-46.62758636,-10.08122158,-0.036260348,-0.812708437,-0.043642208,16,262
2020/7/14,17:03:50,22.9023714,120.2727133,10.056,-7,42,-5,-58,67,-1002,-54.55392075,-53.40077972,-10.05697918,-0.015662245,-0.79908663,-0.040482819,16,262
2020/7/14,17:03:53,22.902412,120.2726665,10.108,166,-47,71,85,-41,-1008,-50.03644562,-58.20018768,-10.10835361,0.124780901,-0.7473858,-0.007457828,16,262
2020/7/14,17:03:56,22.902416,120.2726906,10.166,-38,60,1004,-3,-14,-997,-49.58435059,-55.73034668,-10.16610813,-0.071677342,1.348231077,0.030553002,16,262
2020/7/14,17:03:59,22.9024236,120.2727641,10.265,-28,68,-41,-2,-63,-982,-48.73814392,-48.18960571,-10.26597786,-0.082641311,1.432023287,0.043235235,16,262
2020/7/14,17:04:02,22.9024312,120.2728476,10.109,-42,-72,109,-48,16,-980,-47.89556885,-39.62856293,-10.10955334,-0.0399458,1.399837852,0.056936637,16,262
2020/7/14,17:04:05,22.9024397,120.2729274,10.004,-71,-19,80,-38,5,-968,-46.95159531,-31.44765854,-10.00434685,0.079487331,1.383512855,0.058828458,16,262
2020/7/14,17:04:08,22.9024475,120.2729344,9.907,-2,-27,-1103,28,103,-1008,-46.08176041,-30.72279739,-9.907590866,-0.04128176,0.205960885,-0.095346317,16,262
2020/7/14,17:04:11,22.9024886,120.2728823,10.033,10,94,24,63,-1,-947,-41.50476456,-36.06459427,-10.03365135,-0.012740609,-0.909614027,-0.067478009,16,262
2020/7/14,17:04:14,22.9025345,120.2728178,10.108,107,2,-18,-2,42,-973,-36.39485931,-42.68019485,-10.10808277,-0.043210473,-0.84265548,-0.064353086,16,262
2020/7/14,17:04:17,22.9025881,120.2727456,10.049,-20,-36,56,-12,3,-1006,-30.42515373,-50.08256149,-10.04983234,0.003041952,-0.846012831,-0.041155934,16,262
2020/7/14,17:04:20,22.9026391,120.2726799,10.114,0,-42,-29,6,18,-984,-24.74822044,-56.82562256,-10.11418629,-0.026060931,-0.855212092,-0.041813664,16,262
2020/7/14,17:04:23,22.9026763,120.2726335,10.189,-15,-27,-30,30,127,-976,-20.60954857,-61.57878876,-10.18925858,0.125691578,-1.003042221,-0.074766383,16,262
2020/7/14,17:04:26,22.9026858,120.2726576,10.1,56,59,983,30,-74,-992,-19.55390739,-59.10853577,-10.10065365,-0.042286724,1.22458005,0.06713713,16,262
2020/7/14,17:04:29,22.9027005,120.2727318,9.999,29,4,-17,-37,-39,-977,-17.91406059,-51.49806213,-9.999658585,-0.058862049,1.207760334,0.038465247,16,262
2020/7/14,17:04:32,22.9027215,120.2728157,9.895,21,9,-45,-62,15,-1011,-15.57885075,-42.90257263,-9.895114899,-0.02173584,1.211898565,0.003698086,16,262
2020/7/14,17:04:35,22.9027458,120.2728961,10.044,78,137,9,-17,-104,-983,-12.86868286,-34.65732956,-10.04455853,-0.017840277,1.273928642,0.063043848,16,262
2020/7/14,17:04:38,22.9027646,120.2729812,9.75,149,-27,-128,-144,57,-1034,-10.78221893,-25.92968369,-9.750590324,-0.036787264,1.239736676,-0.015793502,16,262
2020/7/14,17:04:41,22.9027889,120.2730621,9.672,54,-97,32,-60,-86,-984,-8.072278023,-17.63105011,-9.672979355,-0.0681464,1.313334465,0.052028611,16,262
2020/7/14,17:04:44,22.9028029,120.2731154,9.302,-8,-100,-47,2,-13,-1011,-6.522576809,-12.1713438,-9.302859306,0.056819551,1.277473927,0.041376837,16,262
2020/7/14,17:04:47,22.9028032,120.2731194,7.512,-1,-64,-83,30,-58,-1006,-6.490831852,-11.74593067,-7.645519257,0.021472424,1.299866676,0.029042639,16,262
2020/7/14,17:06:02,22.9027858,120.2731126,9.95,-260,-48,593,-75,-15,-983,-1.689592361,-0.149518967,-9.95016861,-0.145737961,2.881824493,-0.0397892,16,262
2020/7/14,17:06:05,22.902733,120.2731234,10.232,-37,9,53,-121,76,-982,-7.568256378,0.958307266,-10.23233032,-0.087971292,2.900766134,0.000622813,16,262
2020/7/14,17:06:08,22.9026767,120.2731321,10.075,37,23,5,-50,-3,-987,-13.8334856,1.850919724,-10.07566643,-0.071245655,2.91938591,-0.018184332,16,262
2020/7/14,17:06:11,22.9026251,120.273141,10.054,-2,16,-18,-33,38,-955,-19.57945251,2.765348434,-10.05466461,-0.078470021,2.977653027,-0.007825925,16,262
2020/7/14,17:06:14,22.9025688,120.2731491,9.948,-28,21,-21,0,26,-944,-25.8429451,3.593194962,-9.948862076,-0.063893944,2.960110664,-0.012391711,16,262
2020/7/14,17:06:17,22.9025165,120.2731573,10.089,37,-69,11,-66,22,-979,-31.66108704,4.433958054,-10.08951378,-0.087980233,2.95840168,-0.005824773,16,262
2020/7/14,17:06:20,22.9024647,120.2731654,10.087,46,-7,10,-86,33,-1000,-37.43451691,5.264291763,-10.0871439,-0.087100372,2.958238602,-0.01015778,16,262
2020/7/14,17:06:23,22.9024183,120.2731653,9.985,-176,-59,567,-49,167,-1022,-42.60025787,5.255813599,-9.985316277,-0.107595198,-2.026257277,0.049661726,16,262
2020/7/14,17:06:26,22.9024034,120.2731119,10.085,-63,-77,67,-138,123,-1026,-44.25897598,-0.223899841,-10.0859623,-0.06570024,-1.943618417,-0.047265366,16,262
2020/7/14,17:06:29,22.902389,120.2730546,10.015,57,-17,55,-13,-3,-1022,-45.85953522,-6.097515106,-10.01562881,-0.043670736,-1.897007823,-0.076288812,16,262
2020/7/14,17:06:32,22.9023722,120.2729976,10.071,-54,-67,60,-111,180,-1003,-47.729702,-11.9419136,-10.07152653,-0.057276782,-1.842580676,-0.087132961,16,262
2020/7/14,17:06:35,22.9023571,120.2729404,10.002,211,57,393,-101,132,-1012,-49.40606689,-17.81166077,-10.00206566,-0.041240063,-1.800895214,-0.022240713,16,262
2020/7/14,17:06:38,22.9023665,120.2728829,10.018,-95,-74,-46,-1,85,-952,-48.36255264,-23.69794464,-10.01800251,-0.047818512,-1.31363368,-0.102752805,16,262
2020/7/14,17:06:41,22.9023826,120.2728255,10.258,-45,-37,133,-85,175,-1015,-46.56798553,-29.58807755,-10.25819683,-0.061042648,-1.274141431,-0.073393628,16,262
2020/7/14,17:06:44,22.902403,120.2727681,10.185,14,89,7,7,122,-1000,-44.30278015,-35.47872162,-10.18527699,-0.025225013,-1.373575687,-0.148119405,16,262
2020/7/14,17:06:47,22.9024169,120.2727102,9.867,-71,-6,66,-25,184,-943,-42.87388611,-40.90015793,-9.863277435,-0.015898798,-1.261547565,-0.088619277,16,262
2020/7/14,17:06:50,22.9024408,120.2726637,9.972,-224,160,149,43,43,-966,-40.09126282,-46.17818832,-9.972975731,-0.006766157,-0.297703356,0.034499854,16,262
2020/7/14,17:06:53,22.9024966,120.2726548,9.976,-113,-10,29,77,-30,-1017,-33.87858963,-47.09083176,-9.976481438,0.047683951,-0.236971021,-0.04782334,16,262
2020/7/14,17:06:56,22.9025476,120.2726462,9.927,85,34,-66,88,-52,-988,-28.20197296,-47.97809982,-9.927378654,0.029974371,-0.156744227,-0.058530726,16,262
2020/7/14,17:06:59,22.9026008,120.2726384,10.059,58,-32,-39,57,11,-1003,-22.27774048,-48.77056503,-10.05927563,0.012024624,-0.20680818,-0.063906521,16,262
2020/7/14,17:07:02,22.9026568,120.2726287,10.078,-5,-119,-161,-25,186,-969,-16.04560852,-49.76723099,-10.07869244,0.053394612,-0.110782482,-0.046969339,16,262
2020/7/14,17:07:05,22.9027099,120.2726213,10.118,-95,65,55,107,76,-959,-10.133008,-50.53037643,-10.11889648,0.062160853,-0.194180429,-0.080510579,16,262
2020/7/14,17:07:08,22.9027571,120.2726148,10.06,81,-45,1150,38,4,-1003,-4.880404472,-51.192173,-10.06049633,0.081226408,0.687879562,0.120919943,16,262
2020/7/14,17:07:11,22.9027632,120.2726634,10.112,-189,82,-118,10,24,-939,-4.198450089,-46.21615982,-10.11283398,0.014520205,1.441399813,0.017707322,16,262
2020/7/14,17:07:14,22.9027678,120.2727206,9.848,-15,40,-7,53,-12,-975,-3.686551094,-40.34079361,-9.84855938,-0.000404507,1.396436095,0.022350682,16,262
2020/7/14,17:07:17,22.9027758,120.2727822,9.811,143,70,55,75,-48,-985,-2.80359745,-34.03395462,-9.811073303,-0.016388793,1.500238538,0.058391221,16,262
2020/7/14,17:07:20,22.9027789,120.272842,9.84,-95,5,-141,12,26,-974,-2.451207161,-27.89818573,-9.840704918,0.004055419,1.444171906,0.022044588,16,262
2020/7/14,17:07:23,22.9027857,120.2728994,9.927,-130,-22,-52,-62,44,-994,-1.694325447,-22.01050186,-9.92719841,0.000761787,1.48656714,0.032103349,16,262
2020/7/14,17:07:26,22.9027895,120.2729482,9.696,-36,39,48,-41,-75,-999,-1.272319794,-17.01051331,-9.696442604,-0.045110609,1.44592452,0.0550026,16,262
2020/7/14,17:07:29,22.9027943,120.2730097,9.706,40,74,-19,40,-8,-989,-0.744504929,-10.70113754,-9.706191063,-0.028034318,1.431425929,0.03859102,16,262
2020/7/14,17:07:32,22.9027994,120.2730711,9.665,-38,-72,-33,-42,-38,-1034,-0.16855526,-4.403152466,-9.665637016,-0.036222208,1.478332162,0.00517739,16,262
2020/7/14,17:07:35,22.9028037,120.2731185,9.153,-135,78,-98,43,-21,-1011,0.270905018,0.340408325,-9.307237625,0.091084838,1.429724813,0.024274543,16,262
2020/7/14,17:09:13,22.9028099,120.2731149,7.328,-32,37,32,139,-73,-926,0.192490101,0.247045517,-7.328028202,0.065492682,1.31867218,0.032630954,16,262
2020/7/14,17:09:16,22.9028044,120.2730964,9.915,-251,113,1073,-69,36,-934,-0.420832634,-1.646541595,-9.915025711,-0.128619567,-2.97572732,0.11472027,16,262
2020/7/14,17:09:19,22.9027729,120.2730433,10.361,34,-3,105,-89,6,-967,-3.923299313,-7.086084366,-10.36146832,-0.080954902,-2.162164688,-0.021959573,16,262
2020/7/14,17:09:22,22.902746,120.2729911,10.116,46,41,-27,-122,57,-1058,-6.914705753,-12.44815826,-10.11660194,-0.092299536,-2.101427078,-0.055343837,16,262
2020/7/14,17:09:25,22.9027195,120.2729383,10.053,-113,35,-46,-92,90,-936,-9.871725082,-17.8626442,-10.05306911,-0.058485415,-2.097650766,-0.052995212,16,262
2020/7/14,17:09:28,22.9026957,120.2728891,9.822,-51,6,-86,-104,131,-992,-12.51584816,-22.90058136,-9.822563171,-0.064097665,-2.117472172,-0.069494724,16,262
2020/7/14,17:09:31,22.9026693,120.2728382,9.986,69,-29,16,-115,50,-1026,-15.45560074,-28.11847305,-9.986641884,-0.088382527,-2.076741695,-0.044235155,16,262
2020/7/14,17:09:34,22.9026448,120.2727883,10.215,19,-96,-24,3,33,-961,-18.18811035,-33.23820877,-10.21513653,-0.083176941,-2.132225513,-0.054397389,16,262
2020/7/14,17:09:37,22.9026177,120.272735,9.952,70,-42,71,-141,89,-983,-21.20331573,-38.70632935,-9.952810287,-0.111868136,-2.086465359,-0.063743584,16,262
2020/7/14,17:09:40,22.9025919,120.272685,10.2,-17,-27,90,-135,77,-974,-24.07459068,-43.83678055,-10.20066547,-0.094452567,-2.086119175,-0.052292623,16,262
2020/7/14,17:09:43,22.9025691,120.27264,10.181,75,-12,559,44,72,-936,-26.6144104,-48.44896317,-10.18124294,0.077189386,-1.814550996,-0.007359933,16,262
2020/7/14,17:09:46,22.9026046,120.2726282,9.892,44,73,-30,68,-5,-1008,-22.66330147,-49.65717697,-9.892630577,0.026263341,-0.097973794,-0.034218982,16,262
2020/7/14,17:09:49,22.902656,120.2726242,10.045,-34,-64,6,26,45,-922,-16.94190407,-50.07112503,-10.04548359,0.023898121,-0.157979712,-0.048177332,16,262
2020/7/14,17:09:52,22.9027053,120.2726188,10.084,68,-54,-65,46,-56,-998,-11.44773102,-50.62087631,-10.08493614,0.029404663,-0.114811838,-0.05267024,16,262
2020/7/14,17:09:55,22.9027573,120.2726143,10.074,40,-87,1306,51,49,-1045,-5.663518429,-51.08226395,-10.07438374,0.101794638,0.442359149,0.125774488,16,262
2020/7/14,17:09:58,22.902765,120.2726612,10.083,49,22,-23,30,-144,-999,-4.798268795,-46.2682457,-10.08392429,-0.014684712,1.463600397,0.042457767,16,262
2020/7/14,17:10:01,22.902769,120.2727225,10.063,-60,18,1,31,56,-932,-4.353041172,-39.98698044,-10.06343937,-0.027017001,1.42606473,0.033681776,16,262
2020/7/14,17:10:04,22.9027754,120.2727836,9.807,95,34,75,9,-108,-1009,-3.644962788,-33.72325516,-9.80705452,-0.007666968,1.414057136,0.041323125,16,262
2020/7/14,17:10:07,22.9027807,120.2728436,9.92,27,-4,29,-117,-81,-1040,-3.054382801,-27.57116318,-9.920204163,-0.008013193,1.459413171,0.066979438,16,262
2020/7/14,17:10:10,22.9027853,120.2729053,9.836,-67,-9,-3,-74,62,-988,-2.548568249,-21.23758316,-9.836928368,-0.009482183,1.451221466,0.032445572,16,262
2020/7/14,17:10:13,22.9027917,120.2729641,9.724,56,41,32,64,-94,-944,-1.835683346,-15.21379471,-9.724030495,-0.027395394,1.488969445,0.049268328,16,262
2020/7/14,17:10:16,22.9027968,120.2730273,9.735,-14,-56,73,-64,47,-963,-1.328726292,-9.272060394,-9.7302742,-0.008581787,1.475819826,0.041237243,16,262
2020/7/14,17:10:19,22.9028022,120.2730826,9.596,-101,76,54,39,-3,-986,-0.665465832,-3.065473557,-9.596146584,-0.007051309,1.523313403,0.039571464,16,262
2020/7/14,17:10:22,22.9028037,120.2731189,8.885,-26,-2,2,86,-16,-925,-0.493794918,0.658346176,-8.885789871,0.04438249,1.537823677,0.008013268,16,262
2020/7/14,17:17:27,22.9024562,120.2731643,10.245,-7,66,376,0,57,-1001,-43.67830658,-7.118706703,-10.24593544,0.034220215,-2.818683863,0.030308492,16,262
2020/7/14,17:17:30,22.9024592,120.2731249,9.84,91,26,62,37,60,-987,-43.34437943,-11.16008949,-9.840740204,-0.052275989,-1.299251914,-0.084383868,16,262
2020/7/14,17:17:33,22.9024814,120.2730612,10.077,-56,-51,77,-12,112,-936,-40.86883926,-17.69276428,-10.07707119,-0.057790067,-1.222301602,-0.069144323,16,262
2020/7/14,17:17:36,22.9025109,120.2729825,10.278,21,-22,46,-114,122,-1018,-37.59205246,-25.76598549,-10.27844524,-0.07367678,-1.191782236,-0.082065038,16,262
2020/7/14,17:17:39,22.9025132,120.2729076,10.239,-32,51,-163,-85,89,-961,-37.33532715,-33.44135666,-10.23923302,-0.077889763,-2.060037136,-0.102870539,16,262
2020/7/14,17:17:42,22.9024731,120.2728435,10.354,-65,-64,-30,-77,111,-935,-41.79813004,-40.01689148,-10.35417843,-0.090078972,-2.320497036,-0.069178537,16,262
2020/7/14,17:17:45,22.9024234,120.2727789,10.181,61,-16,27,-80,24,-1000,-47.32254028,-46.63732147,-10.18144035,-0.086618505,-2.332120657,-0.03724882,16,262
2020/7/14,17:17:48,22.902377,120.2727172,10.039,-58,-60,3,-80,108,-1004,-52.48752213,-52.9659996,-10.03986263,0.055873826,-2.387658358,-0.066176333,16,262
2020/7/14,17:17:51,22.9023832,120.2727014,9.696,62,-35,1057,53,-42,-995,-51.8060112,-54.58397675,-9.696987152,-0.070435725,-0.77876246,0.053335994,16,262
2020/7/14,17:17:54,22.9024446,120.272691,9.961,79,-17,6,-18,42,-999,-44.97021484,-55.65406036,-9.961144447,-0.035358489,-0.262608409,-0.035404347,16,262
2020/7/14,17:17:57,22.9025145,120.2726735,10.077,57,6,-44,23,22,-989,-37.18495941,-57.44918442,-10.07736397,-0.011851107,-0.211227894,-0.021819336,16,262
2020/7/14,17:18:00,22.9025945,120.2726578,10.122,92,40,29,54,12,-972,-28.27916718,-59.05807495,-10.12239647,-0.019380495,-0.275455534,-0.048966438,16,262
2020/7/14,17:18:03,22.9026701,120.2726384,10.165,22,-75,0,-78,44,-1009,-19.86756325,-61.04950714,-10.16521168,-0.00584251,-0.24106732,-0.039131366,16,262
2020/7/14,17:18:06,22.9027349,120.2726273,10.082,-127,-77,1133,13,71,-944,-12.65309143,-62.18593216,-10.08281422,0.112088308,0.453367054,0.11447344,16,262
2020/7/14,17:18:09,22.902747,120.2726754,10.112,-35,-3,47,45,20,-944,-11.30230141,-57.21229172,-10.11390018,-0.035761338,1.383972287,0.036295906,16,262
2020/7/14,17:18:12,22.9027541,120.2727538,9.97,17,6,-27,-40,35,-983,-10.51844406,-49.21811676,-9.970661163,-0.040190972,1.352434397,0.007749155,16,262
2020/7/14,17:18:15,22.9027661,120.2728325,9.798,-3,-21,-26,-113,-80,-1031,-9.181611061,-41.14964294,-9.79833889,-0.018063493,1.383304238,0.048946723,16,262
2020/7/14,17:18:18,22.9027753,120.2729098,9.826,-12,-16,53,18,-26,-950,-8.156105042,-33.22060013,-9.826137543,-0.044262633,1.339749694,0.048799478,16,262
2020/7/14,17:18:21,22.9027865,120.2729901,9.747,-129,-66,-30,-64,-26,-1017,-6.907565594,-24.98374176,-9.747253418,-0.053623751,1.37420249,0.054987632,16,262
2020/7/14,17:18:24,22.9027964,120.2730774,9.648,-99,76,-29,28,26,-958,-5.808354855,-16.0352459,-9.64862442,0.000377695,1.350525856,0.03115196,16,262
2020/7/14,17:18:27,22.9028034,120.2731185,9.068,-11,-72,73,13,2,-1036,-5.024531841,-11.817276,-9.068171501,0.067972131,1.32467103,0.033835463,16,262
2020/7/14,17:19:17,22.9027982,120.2731243,8.744,130,4,18,67,-67,-892,-0.018553734,0.395597458,-8.74433136,0.058231201,1.178071976,0.019809704,16,262
2020/7/14,17:19:20,22.9027769,120.2731369,9.987,-22,106,19,-9,-10,-975,-2.39133215,1.684201241,-9.987008095,-0.098168798,2.49703002,0.038679898,16,262
2020/7/14,17:19:23,22.902732,120.2731663,10.27,-62,-3,-43,-15,32,-955,-7.384111881,4.704102993,-10.27094078,-0.054838318,2.497310638,-0.003795337,16,262
2020/7/14,17:19:26,22.9026856,120.2731986,9.948,-42,-5,-19,-96,23,-979,-12.55177689,8.011696815,-9.948197365,-0.053897645,2.477745533,0.010057012,16,262
2020/7/14,17:19:29,22.9026417,120.273222,9.937,110,-68,966,-67,-121,-1049,-17.11686516,10.52816772,-9.915697098,-0.10589698,-2.912889481,0.103794172,16,262
2020/7/14,17:19:32,22.9025986,120.2731895,10.246,-19,46,99,-110,66,-999,-22.27148056,7.052107334,-10.24297428,-0.09851969,-2.615810156,-0.011786873,16,262
2020/7/14,17:19:35,22.9025576,120.273154,10.145,74,-114,48,-90,25,-1030,-26.79739761,3.439688683,-10.14541245,-0.112241447,-2.627684593,-0.044912867,16,262
2020/7/14,17:19:38,22.9025154,120.2731175,9.915,326,46,416,-80,100,-1018,-31.50224686,-0.299592018,-9.91517067,-0.055834394,-2.560484409,-0.022509592,16,262
2020/7/14,17:19:41,22.9024985,120.273057,9.805,95,22,52,-21,36,-989,-33.37828445,-6.505476952,-9.805569649,-0.060051322,-1.902577877,-0.103705563,16,262
2020/7/14,17:19:44,22.9024887,120.272997,9.976,-23,-45,-30,-113,129,-1029,-34.46702576,-12.65587711,-9.976737022,-0.019111805,-1.766901374,-0.080734782,16,262
2020/7/14,17:19:47,22.9024812,120.2729386,10.119,2,122,-43,-40,91,-1009,-35.30877304,-18.64861679,-10.11954308,-0.025625158,-1.765179276,-0.075112231,16,262
2020/7/14,17:19:50,22.9024748,120.2728801,10.085,20,43,-80,50,32,-953,-36.0227356,-24.64121628,-10.08554935,-0.030659907,-1.806555271,-0.075879306,16,262
2020/7/14,17:19:53,22.9024794,120.27282,10.047,-50,-50,21,-96,68,-1029,-35.50166321,-30.8061409,-10.04796696,-0.004143884,-1.247830868,-0.070480555,16,262
2020/7/14,17:19:56,22.9025061,120.2727628,10.115,-53,75,118,-11,139,-1001,-32.53060532,-36.678936,-10.11528778,-0.014424222,-1.083956003,-0.050042972,16,262
2020/7/14,17:19:59,22.9025327,120.2727124,10.015,97,55,39,75,-25,-980,-29.56866074,-41.84276962,-10.01554108,-0.023246907,-1.062610865,-0.047614008,16,262
2020/7/14,17:20:02,22.9025629,120.27266,10.036,-37,39,-65,-4,100,-974,-26.20690918,-47.22045898,-10.03655243,-0.030700736,-1.150049329,-0.07627973,16,262
2020/7/14,17:20:05,22.9025997,120.2726462,9.962,-58,47,-140,35,14,-988,-22.11060333,-48.63209534,-9.962396622,0.001182919,0.419811338,0.011685397,16,262
2020/7/14,17:20:08,22.9026516,120.2726701,10.004,-16,19,-42,-7,5,-1000,-16.34130287,-46.17569351,-10.00493526,0.014912697,0.332341433,-0.006946743,16,262
2020/7/14,17:20:11,22.9027054,120.272692,10.019,-172,-3,45,-44,12,-1012,-10.34876251,-43.93201828,-10.01971436,0.011935255,0.346313834,-0.023903973,16,262
2020/7/14,17:20:14,22.9027542,120.272715,10.184,7,-146,873,-68,-98,-1076,-4.91716814,-41.58079529,-10.18410301,-0.026631843,1.218293428,0.189421698,16,262
2020/7/14,17:20:17,22.9027614,120.272774,9.989,180,12,-9,-57,-112,-1036,-4.11248827,-35.52161407,-9.989423752,-0.027606938,1.319248438,0.034543216,16,262
2020/7/14,17:20:20,22.9027697,120.2728346,9.914,13,-12,97,-12,-39,-996,-3.188664913,-29.30766678,-9.914823532,-0.024271425,1.3833251,0.061925903,16,262
2020/7/14,17:20:23,22.9027762,120.2728946,9.912,-53,-29,-50,-72,-23,-1019,-2.470435619,-23.16255569,-9.91205883,-0.039812926,1.415100932,0.004629427,16,262
2020/7/14,17:20:26,22.9027844,120.2729535,9.844,17,-72,-15,-131,-56,-1022,-1.552275658,-17.1182518,-9.844471931,-0.055126339,1.43496263,0.039677858,16,262
2020/7/14,17:20:29,22.9027913,120.273012,9.767,146,-100,54,-13,-144,-1009,-0.779455662,-11.11583042,-9.767454147,-0.033565186,1.381444812,0.062628962,16,262
2020/7/14,17:20:32,22.9027983,120.273072,9.744,122,78,-53,-28,-104,-997,-0.006583691,-4.973292351,-9.744055748,-0.025368903,1.385725856,0.059656993,16,262
2020/7/14,17:20:35,22.9028036,120.2731187,9.662,81,55,22,50,-127,-960,0.586853981,-0.178394318,-9.662751198,0.111378029,1.512754679,0.069582038,16,262
