Date,Time,Latitude,Longitude,Altitude (m),Speed (m/s)
2021-10-05,15:38:08,-34.8202590064958,-58.530192985336456,0.0,8.231104
2021-10-05,15:38:16,-34.82039997931224,-58.52949503949265,0.0,7.71666
2021-10-05,15:38:23,-34.82052599943208,-58.52886200820811,0.0,8.231104
2021-10-05,15:38:29,-34.82064100096135,-58.5282899675793,0.0,8.745548
2021-10-05,15:38:35,-34.820765995406845,-58.52770202312398,0.0,8.745548
2021-10-05,15:38:40,-34.8208579781139,-58.52722501634261,0.0,8.745548
2021-10-05,15:38:46,-34.82096899804646,-58.52668799561807,0.0,8.745548
2021-10-05,15:38:57,-34.82117801890176,-58.5256269472283,0.0,8.231104
2021-10-05,15:39:02,-34.82128099426172,-58.525135001513775,0.0,7.71666
2021-10-05,15:39:08,-34.821384018434344,-58.524590056943744,0.0,8.231104
2021-10-05,15:39:15,-34.821502979943,-58.524013986422915,0.0,8.231104
2021-10-05,15:39:20,-34.82159003062873,-58.52355198004802,0.0,7.71666
2021-10-05,15:41:54,-34.82521798361163,-58.51848196218598,0.0,4.115552
2021-10-05,15:43:44,-34.82508900294685,-58.519862994770214,0.0,15.43332
2021-10-05,15:43:49,-34.8248210346344,-58.52136594092624,0.0,29.837752000000002
2021-10-05,15:43:56,-34.824321977800146,-58.524170040349155,0.0,43.213296
2021-10-05,15:44:00,-34.823959028034025,-58.526130975173764,0.0,49.901068
2021-10-05,15:44:04,-34.82350203578584,-58.528655935504624,7.62,58.132172000000004
2021-10-05,15:44:08,-34.8229980274245,-58.5314559760392,0.0,63.791056000000005
2021-10-05,15:44:09,-34.82284199891793,-58.532295008961086,0.0,67.906608
2021-10-05,15:44:12,-34.8224030146263,-58.53498796300254,0.0,69.964384
2021-10-05,15:44:16,-34.82185400908351,-58.53790298604426,0.0,77.1666
2021-10-05,15:44:20,-34.821166951716535,-58.54182804075279,7.62,82.31104
2021-10-05,15:44:24,-34.82051500860094,-58.54545602902813,22.86,92.085476
2021-10-05,15:44:27,-34.81997696148196,-58.54832800083426,45.72,92.59992
2021-10-05,15:44:33,-34.81883999963506,-58.55432501535029,129.54000000000002,91.571032
2021-10-05,15:44:38,-34.81790899780782,-58.55987496037473,205.74,92.59992
2021-10-05,15:44:44,-34.81691000277468,-58.56615395456325,281.94,93.628808
2021-10-05,15:44:51,-34.815902994160595,-58.57220799158836,350.52000000000004,93.628808
2021-10-05,15:44:57,-34.81478896306864,-58.57852904309625,426.72,93.628808
2021-10-05,15:45:03,-34.813797040025115,-58.584820012303005,472.44,97.229916
2021-10-05,15:45:06,-34.81353404956002,-58.58819999218614,495.3,99.802136
2021-10-05,15:45:08,-34.813533952673815,-58.58997295601751,502.92,100.831024
2021-10-05,15:45:09,-34.81362494342937,-58.59151799210761,502.92,102.374356
2021-10-05,15:45:11,-34.813843026349964,-58.593674046975295,518.1600000000001,103.917688
2021-10-05,15:45:13,-34.81418199765684,-58.59558102910971,525.78,105.46102
2021-10-05,15:45:14,-34.814483968858006,-58.59709500383694,533.4,107.004352
2021-10-05,15:45:15,-34.8148349818872,-58.59832798778636,541.02,108.03324
2021-10-05,15:45:16,-34.81516303711959,-58.5994149768579,548.64,108.547684
2021-10-05,15:45:17,-34.815533032852315,-58.600558944375564,556.26,109.576572
2021-10-05,15:45:19,-34.81622296905476,-58.602196043594525,563.88,110.091016
2021-10-05,15:45:20,-34.81692900257832,-58.60382099247787,571.5,111.634348
2021-10-05,15:45:21,-34.817458943873845,-58.604999991640184,579.12,111.634348
2021-10-05,15:45:23,-34.81869904167552,-58.60719696843782,594.36,114.206568
2021-10-05,15:45:24,-34.81938205355582,-58.60830703807525,594.36,115.235456
2021-10-05,15:45:25,-34.81965598760147,-58.608696010657354,601.98,116.26434400000001
2021-10-05,15:45:26,-34.82034304661422,-58.609649980064034,601.98,116.26434400000001
2021-10-05,15:45:27,-34.821486987868475,-58.61116399100658,609.6,117.293232
2021-10-05,15:45:28,-34.8222659697544,-58.612118033899634,617.22,118.32212
2021-10-05,15:45:29,-34.82304395170921,-58.61301400946752,617.22,118.83656400000001
2021-10-05,15:45:31,-34.824188035156986,-58.61424602955221,624.84,120.89434
2021-10-05,15:45:33,-34.82670602844285,-58.616432017283614,640.08,122.437672
2021-10-05,15:45:34,-34.82754497825972,-58.61709596854449,647.7,123.46656
2021-10-05,15:45:36,-34.829498029310166,-58.61852600403043,655.32,125.524336
2021-10-05,15:45:37,-34.83000203693867,-58.61884301913152,647.7,125.524336
2021-10-05,15:45:38,-34.83146699257852,-58.619682021589576,662.94,127.58211200000001
2021-10-05,15:45:39,-34.832747980278036,-58.62035805416606,662.94,128.611
2021-10-05,15:45:41,-34.83396895170028,-58.62092999973847,670.5600000000001,129.12544400000002
2021-10-05,15:45:42,-34.83609001994063,-58.621815012928835,685.8000000000001,131.18322
2021-10-05,15:45:43,-34.83667000865256,-58.62201696398619,685.8000000000001,131.697664
2021-10-05,15:45:45,-34.83888204780395,-58.62265396090566,693.4200000000001,133.240996
2021-10-05,15:45:46,-34.84007297730601,-58.622935967460876,701.0400000000001,133.75544
2021-10-05,15:45:48,-34.84245302252907,-58.62338296790627,716.2800000000001,134.78432800000002
2021-10-05,15:45:49,-34.84345998422986,-58.62349697817207,716.2800000000001,135.813216
2021-10-05,15:45:53,-34.84840397128573,-58.623608000815985,739.14,138.89988
2021-10-05,15:45:54,-34.850189046068984,-58.62344004146864,754.38,139.414324
2021-10-05,15:45:55,-34.8514249903375,-58.62327199129766,754.38,139.928768
2021-10-05,15:45:56,-34.85220294172138,-58.62315800219579,762.0,139.928768
2021-10-05,15:45:57,-34.85431299995568,-58.62270402692246,777.24,140.95765600000001
2021-10-05,15:45:58,-34.8549499800591,-58.62259700437478,784.86,141.4721
2021-10-05,15:45:59,-34.856231996592335,-58.62226096516887,784.86,141.986544
2021-10-05,15:46:00,-34.858246006853754,-58.62175798585658,807.72,141.986544
2021-10-05,15:46:02,-34.85948197494956,-58.62142198342205,822.96,142.500988
2021-10-05,15:46:04,-34.862876996659345,-58.62041497728976,853.44,143.529876
2021-10-05,15:46:05,-34.86351003662476,-58.62018997896064,868.6800000000001,143.529876
2021-10-05,15:46:07,-34.86590199249806,-58.619441997898114,891.5400000000001,143.529876
2021-10-05,15:46:08,-34.86703502337139,-58.619067966108425,899.1600000000001,144.04432
2021-10-05,15:46:10,-34.86967497944864,-58.61823998564592,937.26,145.073208
2021-10-05,15:46:13,-34.873397982393136,-58.617104001028764,975.36,146.10209600000002
2021-10-05,15:46:15,-34.87724299054728,-58.61592896762764,1013.46,146.61654000000001
2021-10-05,15:46:17,-34.8787990115798,-58.615479059340004,1028.7,147.130984
2021-10-05,15:46:19,-34.88126801020226,-58.61475004734685,1051.56,147.645428
2021-10-05,15:46:20,-34.882567995429596,-58.614407010580386,1066.8,147.645428
2021-10-05,15:46:26,-34.89099503736277,-58.612346996718415,1158.24,149.18876
2021-10-05,15:46:29,-34.894821018932994,-58.61149997576293,1203.96,149.18876
2021-10-05,15:46:30,-34.89587395054958,-58.6112749712787,1219.2,148.674316
2021-10-05,15:46:31,-34.89802598336222,-58.610827962258135,1249.68,148.674316
2021-10-05,15:46:32,-34.898678003641315,-58.610687013033356,1257.3,148.674316
2021-10-05,15:46:34,-34.901961976587245,-58.609985008050565,1303.02,148.674316
2021-10-05,15:46:35,-34.90342299695269,-58.60971496212482,1325.88,148.159872
2021-10-05,15:46:42,-34.91236102786232,-58.60794096192826,1440.18,148.159872
2021-10-05,15:46:48,-34.9204099905364,-58.606510049089636,1524.0,146.61654000000001
2021-10-05,15:46:59,-34.93386800044698,-58.604164006948416,1645.92,146.10209600000002
2021-10-05,15:47:10,-34.94801303222053,-58.601692002651745,1737.3600000000001,144.04432
2021-10-05,15:47:21,-34.9621579979233,-58.59922395791657,1821.18,144.04432
2021-10-05,15:47:33,-34.97786303831473,-58.596554034129085,1958.3400000000001,145.587652
2021-10-05,15:47:44,-34.99269100750916,-58.59406699928523,2125.98,147.130984
2021-10-05,15:47:55,-35.00788902065895,-58.59146097954675,2278.38,148.159872
2021-10-05,15:48:08,-35.025021015862045,-58.588600036272275,2438.4,150.732092
2021-10-05,15:48:19,-35.03933700424575,-58.586162977351385,2552.7000000000003,152.789868
2021-10-05,15:48:30,-35.05476397114296,-58.583641034938154,2689.86,154.3332
2021-10-05,15:48:41,-35.07073196575985,-58.58093298709014,2842.26,155.362088
2021-10-05,15:48:52,-35.08625800336475,-58.57837297426692,2994.6600000000003,156.390976
2021-10-05,15:49:04,-35.102828992288536,-58.575683978656954,3139.44,157.419864
2021-10-05,15:49:15,-35.118941990489645,-58.572879990956906,3215.6400000000003,163.59319200000002
2021-10-05,15:49:27,-35.1358150506205,-58.569946005825834,3276.6000000000004,170.280964
2021-10-05,15:49:38,-35.15350299730424,-58.56685600052846,3337.56,175.939848
2021-10-05,15:49:49,-35.170867992524215,-58.56388095431709,3390.9,182.113176
2021-10-05,15:50:02,-35.19227599893527,-58.56021101720165,3451.86,188.800948
2021-10-05,15:50:13,-35.21122698014654,-58.55696096436797,3489.96,195.48872
2021-10-05,15:50:24,-35.231551985330846,-58.553581037926264,3520.44,201.662048
2021-10-05,15:50:35,-35.25064099232388,-58.55031998851784,3566.1600000000003,207.320932
2021-10-05,15:50:47,-35.273528977787436,-58.546370970280755,3649.98,211.950928
2021-10-05,15:50:57,-35.29357899510246,-58.54282397092554,3787.1400000000003,212.465372
2021-10-05,15:51:30,-35.354610000136354,-58.53252801468133,4198.62,213.49426
2021-10-05,15:52:01,-35.41498597089243,-58.522476010535605,4549.14,217.095368
2021-10-05,15:52:31,-35.474487054255235,-58.51232499423755,4838.7,221.725364
2021-10-05,15:53:03,-35.537430000737,-58.50151100619674,5143.5,226.35536000000002
2021-10-05,15:53:34,-35.600143004832056,-58.49075298575866,5524.5,226.35536000000002
2021-10-05,15:54:35,-35.72598304144878,-58.47129797526711,6134.1,228.413136
2021-10-05,15:54:41,-35.73825100764638,-58.47175602241978,6195.06,226.86980400000002
2021-10-05,15:54:42,-35.740265028208306,-58.47192804592556,6202.68,226.35536000000002
2021-10-05,15:54:44,-35.743740004253894,-58.47227898994122,6217.92,226.35536000000002
2021-10-05,15:54:45,-35.74475097491008,-58.472385066058294,6225.54,225.840916
2021-10-05,15:54:46,-35.747741975399066,-58.472800972798986,6240.780000000001,225.326472
2021-10-05,15:54:47,-35.74996901751619,-58.47312897530539,6248.400000000001,225.326472
2021-10-05,15:54:49,-35.75300196477976,-58.47362104248678,6271.26,224.812028
2021-10-05,15:54:50,-35.75579495719259,-58.47414800726844,6286.5,224.297584
2021-10-05,15:54:52,-35.759753971425205,-58.47496396745954,6309.360000000001,223.78314
2021-10-05,15:54:53,-35.76072703573451,-58.47518904937719,6309.360000000001,223.78314
2021-10-05,15:54:54,-35.76292000424615,-58.47572300816877,6324.6,222.754252
2021-10-05,15:54:55,-35.76663199310068,-58.4766769690277,6347.46,222.239808
2021-10-05,15:54:56,-35.76761995957904,-58.476893971718376,6355.08,222.239808
2021-10-05,15:54:57,-35.76878399088158,-58.47724497507212,6362.700000000001,222.239808
2021-10-05,15:54:58,-35.77166698732708,-58.47810699589019,6377.9400000000005,221.725364
2021-10-05,15:54:59,-35.773440997339705,-58.478644971157635,6393.18,220.69647600000002
2021-10-05,15:55:01,-35.777435009132475,-58.479996021189805,6416.04,220.182032
2021-10-05,15:55:02,-35.77841900561199,-58.480343041356306,6423.660000000001,220.182032
2021-10-05,15:55:05,-35.78466797118872,-58.48268505491141,6461.76,219.667588
2021-10-05,15:55:06,-35.78633497249344,-58.48332195274349,6469.38,219.153144
2021-10-05,15:55:07,-35.789154006073424,-58.48451597347056,6484.62,218.6387
2021-10-05,15:55:08,-35.79005802191897,-58.48490104360046,6492.240000000001,218.6387
2021-10-05,15:55:09,-35.791717959718625,-58.48566099889092,6507.4800000000005,218.124256
2021-10-05,15:55:11,-35.795424988235425,-58.487377008550254,6530.34,218.124256
2021-10-05,15:55:12,-35.796843982674595,-58.488064046376905,6530.34,217.609812
2021-10-05,15:55:13,-35.80030100861302,-58.48980699996084,6553.200000000001,217.609812
2021-10-05,15:55:17,-35.80681597067205,-58.49314098182759,6583.68,217.609812
2021-10-05,15:55:18,-35.80773899942309,-58.49361396683272,6591.3,217.609812
2021-10-05,15:55:20,-35.81259200807342,-58.49611995840417,6614.160000000001,217.609812
2021-10-05,15:55:21,-35.81350700412286,-58.496589969218746,6621.780000000001,217.609812
2021-10-05,15:56:22,-35.924880987455424,-58.55340993751286,7178.04,221.725364
2021-10-05,15:57:23,-36.040053938856026,-58.61246097805243,7627.620000000001,228.413136
2021-10-05,15:58:25,-36.15989698471479,-58.67402995859435,8100.06,233.043132
2021-10-05,15:59:26,-36.27727500987328,-58.73419600787831,8587.74,233.557576
2021-10-05,16:00:27,-36.39701800600116,-58.79608207082213,8976.36,236.129796
2021-10-05,16:01:29,-36.516364948532505,-58.857673982802375,9532.62,230.985356
2021-10-05,16:02:30,-36.63372401735551,-58.918800042595805,9974.58,228.413136
2021-10-05,16:03:31,-36.747127977262615,-58.97829097771269,10370.82,224.812028
2021-10-05,16:04:31,-36.86071401405836,-59.03766294593981,10355.58,226.35536000000002
2021-10-05,16:05:32,-36.97416299554631,-59.09707303546655,10355.58,224.812028
2021-10-05,16:06:34,-37.08975202722068,-59.158047021652486,10363.2,226.86980400000002
2021-10-05,16:07:36,-37.20664200791673,-59.21935299554116,10363.2,229.442024
2021-10-05,16:08:37,-37.32861296811061,-59.26954698018763,10355.58,232.52868800000002
2021-10-05,16:09:38,-37.45129403091953,-59.31705496889179,10363.2,233.557576
2021-10-05,16:10:40,-37.575485001955435,-59.36544003234614,10355.58,234.07202
2021-10-05,16:11:40,-37.697445011007495,-59.4131090392655,10355.58,234.586464
2021-10-05,16:12:43,-37.82459998697882,-59.46297496544233,10363.2,236.64424
2021-10-05,16:13:45,-37.9506680043537,-59.512412981360384,10363.2,235.615352
2021-10-05,16:14:47,-38.07577496111061,-59.56185202178211,10355.58,236.64424
2021-10-05,16:15:50,-38.2036740189302,-59.612576006300465,10363.2,234.586464
2021-10-05,16:16:51,-38.32475301739286,-59.66067104574252,10363.2,235.615352
2021-10-05,16:17:53,-38.451873985512535,-59.7115899916509,10355.58,237.67312800000002
2021-10-05,16:18:53,-38.57532496436275,-59.76092499124861,10363.2,236.129796
2021-10-05,16:19:57,-38.704604976888575,-59.81285503159806,10355.58,237.67312800000002
2021-10-05,16:21:00,-38.83359902322251,-59.865051033360395,10363.2,236.64424
2021-10-05,16:22:01,-38.9580689586788,-59.91555403452995,10363.2,237.158684
2021-10-05,16:23:05,-39.08721500435029,-59.96795697391457,10355.58,236.64424
2021-10-05,16:24:07,-39.212394986964284,-60.01910401286225,10355.58,237.67312800000002
2021-10-05,16:25:10,-39.34199496574175,-60.072326982598184,10363.2,239.21646
2021-10-05,16:26:11,-39.46973398757507,-60.124878013954174,10355.58,240.759792
2021-10-05,16:27:12,-39.594955026436324,-60.176597956280354,10363.2,239.730904
2021-10-05,16:28:15,-39.72349200923996,-60.22991899788027,10355.58,239.730904
2021-10-05,16:29:17,-39.851120035992324,-60.2830580351694,10355.58,239.730904
2021-10-05,16:30:22,-39.98423798248374,-60.338745008008715,10355.58,240.245348
2021-10-05,16:31:23,-40.10977903248375,-60.39147193564075,10363.2,241.274236
2021-10-05,16:32:24,-40.23612197672972,-60.44459197584133,10355.58,240.759792
2021-10-05,16:33:26,-40.36381498939821,-60.49864998479327,10363.2,242.303124
2021-10-05,16:34:26,-40.490391006366515,-60.552207990717044,10363.2,244.36090000000002
2021-10-05,16:35:27,-40.61868999871731,-60.60283303367126,10363.2,245.389788
2021-10-05,16:36:30,-40.75131600826509,-60.654582987480865,10355.58,244.875344
2021-10-05,16:37:31,-40.879662006310326,-60.70520393930024,10355.58,244.875344
2021-10-05,16:38:31,-41.00786595886242,-60.756081034500276,10363.2,246.93312
2021-10-05,16:39:32,-41.13752701940508,-60.80773893223332,10355.58,248.476452
2021-10-05,16:40:35,-41.2719269618722,-60.86126698576398,10363.2,248.476452
2021-10-05,16:41:36,-41.40225204991236,-60.91357000866875,10355.58,246.418676
2021-10-05,16:42:38,-41.535351009562895,-60.967224000604,10363.2,248.476452
2021-10-05,16:43:46,-41.67929096792351,-61.025414054133286,10363.2,246.418676
2021-10-05,16:44:48,-41.81140101168599,-61.079238958767405,10363.2,248.990896
2021-10-05,16:45:50,-41.94454598564911,-61.133422980807936,10355.58,248.476452
2021-10-05,16:46:51,-42.07589699517524,-61.18742004766389,10355.58,246.418676
2021-10-05,16:47:30,-42.15747098407269,-61.22068802639754,10363.2,247.447564
2021-10-05,16:48:22,-42.26919896635638,-61.266982949902584,10363.2,248.990896
2021-10-05,16:50:34,-42.551819015028705,-61.38425399460256,10355.58,247.962008
2021-10-05,16:50:42,-42.56885499224283,-61.391475990291966,10355.58,247.962008
2021-10-05,16:52:07,-42.750969021909704,-61.46786901270282,10363.2,248.990896
2021-10-05,16:53:09,-42.88224801566691,-61.52305605902365,10363.2,248.476452
2021-10-05,16:54:10,-43.013987995517084,-61.57863199236931,10363.2,248.476452
2021-10-05,16:55:12,-43.14591600297336,-61.634803967122146,10363.2,250.01978400000002
2021-10-05,16:56:13,-43.277938974093956,-61.691235013591985,10363.2,251.563116
2021-10-05,16:57:17,-43.41498901724041,-61.7500950326252,10363.2,252.07756
2021-10-05,16:58:22,-43.55653397887322,-61.810871027897825,10363.2,253.106448
2021-10-05,16:59:24,-43.69010901908626,-61.86867506881492,10355.58,252.592004
2021-10-05,17:00:28,-43.82930400284879,-61.929344045021914,10363.2,252.592004
2021-10-05,17:01:30,-43.96371501591202,-61.988185945173434,10363.2,252.07756
2021-10-05,17:02:31,-44.09432596578008,-62.04541805410633,10363.2,252.07756
2021-10-05,17:03:36,-44.23687000033955,-62.10839101987882,10363.2,252.07756
2021-10-05,17:04:39,-44.37135697741361,-62.16807903275479,10363.2,254.135336
2021-10-05,17:05:40,-44.50506598060995,-62.22774096021403,10363.2,255.67866800000002
2021-10-05,17:06:43,-44.642387019979545,-62.28913100937962,10355.58,252.07756
2021-10-05,17:07:46,-44.77808397155209,-62.3501590397209,10363.2,246.93312
2021-10-05,17:08:47,-44.90652500888625,-62.408295002690636,10363.2,245.389788
2021-10-05,17:09:50,-45.03950496222409,-62.46871897794115,10355.58,247.447564
2021-10-05,17:10:54,-45.17546094715602,-62.530910011796145,10363.2,249.50534000000002
2021-10-05,17:11:58,-45.311152959757976,-62.593197014011174,10363.2,250.534228
2021-10-05,17:13:05,-45.45584100761776,-62.65998803284617,10355.58,248.476452
2021-10-05,17:14:08,-45.5883639642461,-62.72134807162037,10355.58,247.447564
2021-10-05,17:15:14,-45.72875999502321,-62.786998975154006,10355.58,247.962008
2021-10-05,17:16:18,-45.864567016253865,-62.85051706161261,10355.58,248.990896
2021-10-05,17:17:18,-45.99328601249075,-62.91107903754666,10363.2,247.962008
2021-10-05,17:18:21,-46.125027026554285,-62.973495040522195,10355.58,248.476452
2021-10-05,17:19:22,-46.25584000049425,-63.03577402198081,10355.58,248.476452
2021-10-05,17:20:27,-46.3921430570986,-63.10093700575462,10363.2,245.904232
2021-10-05,17:21:10,-46.48277996310488,-63.14453900555634,10355.58,245.904232
2021-10-05,17:22:40,-46.67152398541684,-63.235698969991496,10355.58,247.447564
2021-10-05,17:23:41,-46.79956800954661,-63.29786706136882,10355.58,245.904232
2021-10-05,17:24:09,-46.85929902987526,-63.32700302761589,10363.2,245.904232
2021-10-05,17:25:42,-47.05225398879822,-63.42160803535715,10355.58,243.84645600000002
2021-10-05,17:26:45,-47.18348699517512,-63.48639701978532,10355.58,243.332012
2021-10-05,17:27:46,-47.30959697416713,-63.54893493962452,10363.2,242.817568
2021-10-05,17:28:52,-47.44784502952888,-63.61770603231665,10363.2,243.84645600000002
2021-10-05,17:29:56,-47.5795440018415,-63.683899030994475,10355.58,243.332012
2021-10-05,17:30:59,-47.71110898132788,-63.75006901333596,10363.2,246.418676
2021-10-05,17:32:02,-47.84224697277607,-63.816483008182445,10363.2,244.875344
2021-10-05,17:33:06,-47.97599003203576,-63.884723996405604,10363.2,244.36090000000002
2021-10-05,17:33:22,-48.00923194835668,-63.90169498562517,10355.58,243.84645600000002
2021-10-05,17:34:56,-48.20256000237826,-64.0009229812178,10363.2,239.730904
2021-10-05,17:35:59,-48.328673990492405,-64.06620798769721,10355.58,237.158684
2021-10-05,17:36:05,-48.342171036921506,-64.0731350123491,10363.2,237.67312800000002
2021-10-05,17:37:36,-48.524962939816746,-64.16825896413646,10363.2,235.100908
2021-10-05,17:38:38,-48.64769401093697,-64.23250596603074,10363.2,234.07202
2021-10-05,17:39:54,-48.79884294838475,-64.31213405246383,10347.960000000001,234.07202
2021-10-05,17:49:48,-49.94773898917354,-64.93469201957868,10370.82,226.35536000000002
2021-10-05,17:50:49,-50.063782010354295,-64.99930595760686,10370.82,225.840916
2021-10-05,17:51:51,-50.18098395692766,-65.06497197561553,10355.58,223.78314
2021-10-05,17:52:55,-50.302551051302906,-65.13346102516937,10347.960000000001,223.78314
2021-10-05,17:54:01,-50.42752094571841,-65.20436097396608,10363.2,225.840916
2021-10-05,17:55:02,-50.54452500112502,-65.27064501491638,10355.58,226.35536000000002
2021-10-05,17:56:01,-50.65921399917008,-65.33621197899814,10363.2,227.898692
2021-10-05,17:57:05,-50.780810999337085,-65.40634195567348,10363.2,228.413136
2021-10-05,17:58:05,-50.89770096563171,-65.47386201264794,10355.58,225.840916
2021-10-05,17:59:07,-51.01557199022583,-65.54229702224444,10355.58,225.326472
2021-10-05,18:00:11,-51.13614302021319,-65.61294606152651,10355.58,226.35536000000002
2021-10-05,18:01:12,-51.25428804986524,-65.68243397474684,10363.2,227.384248
2021-10-05,18:02:15,-51.37458401575008,-65.75347899694881,10355.58,228.413136
2021-10-05,18:03:19,-51.49621604260698,-65.82569900754984,10363.2,226.86980400000002
2021-10-05,18:04:22,-51.617446966468165,-65.89828505620136,10355.58,224.812028
2021-10-05,18:05:26,-51.73818997597845,-65.97082506406652,10363.2,224.297584
2021-10-05,18:06:29,-51.85601799893775,-66.03889506846944,10363.2,224.297584
2021-10-05,18:07:30,-51.97408303545423,-66.1044239897829,10363.2,225.326472
2021-10-05,18:08:34,-52.09574898538964,-66.17256193691522,10363.2,226.86980400000002
2021-10-05,18:09:35,-52.213035982282264,-66.23877007101001,10355.58,225.840916
2021-10-05,18:10:38,-52.334976002302895,-66.3079070319805,10355.58,225.840916
2021-10-05,18:11:40,-52.45486499165349,-66.37626606917365,10363.2,229.442024
2021-10-05,18:12:43,-52.57635498246674,-66.44607493466904,10363.2,226.86980400000002
2021-10-05,18:13:44,-52.693222008724035,-66.51336693698191,10363.2,226.86980400000002
2021-10-05,18:14:45,-52.81011596330554,-66.58107008470616,10355.58,225.326472
2021-10-05,18:15:47,-52.92789095604309,-66.64997095422687,10363.2,225.840916
2021-10-05,18:16:47,-53.042598964421884,-66.7209930515789,10355.58,223.78314
2021-10-05,18:17:52,-53.16503895148232,-66.79813404327275,10355.58,223.78314
2021-10-05,18:18:55,-53.28397002909021,-66.87321501106659,10355.58,225.326472
2021-10-05,18:19:59,-53.40312197933372,-66.9487989412262,10363.2,224.297584
2021-10-05,18:21:01,-53.51919896034338,-67.02306398108088,10363.2,223.268696
2021-10-05,18:22:02,-53.63404503570043,-67.0968170079161,10355.58,223.268696
2021-10-05,18:23:03,-53.750060997198396,-67.17189793694575,10355.58,223.78314
2021-10-05,18:24:07,-53.86779800958731,-67.24841292299013,10363.2,223.78314
2021-10-05,18:25:09,-53.98553500051325,-67.32547801331908,10363.2,224.297584
2021-10-05,18:26:09,-54.0984649921224,-67.39986406964991,10363.2,222.754252
2021-10-05,18:27:12,-54.214187998537504,-67.47654003071048,10363.2,223.268696
2021-10-05,18:28:14,-54.33041402675792,-67.55404700089326,10363.2,221.725364
2021-10-05,18:29:16,-54.44456499334127,-67.63042392688101,10363.2,221.725364
2021-10-05,18:29:42,-54.49144395562601,-67.66845704315747,10355.58,222.754252
2021-10-05,18:29:45,-54.49647099104713,-67.67403399493654,10355.58,223.268696
2021-10-05,18:29:49,-54.50210203067046,-67.68069501828094,10355.58,223.78314
2021-10-05,18:29:52,-54.50775102157373,-67.68789696962848,10355.58,223.78314
2021-10-05,18:29:55,-54.51327501226308,-67.69542699712844,10355.58,224.297584
2021-10-05,18:29:56,-54.515465013273705,-67.69858603750836,10355.58,224.812028
2021-10-05,18:29:57,-54.51699797016221,-67.7008359782868,10355.58,224.812028
2021-10-05,18:29:58,-54.518490004538585,-67.70307899416143,10355.58,224.812028
2021-10-05,18:30:00,-54.52151498633559,-67.7077410233893,10355.58,224.812028
2021-10-05,18:30:02,-54.52300595874058,-67.71007497084072,10355.58,224.812028
2021-10-05,18:30:03,-54.524494050804826,-67.71240202017435,10355.58,225.326472
2021-10-05,18:30:04,-54.5265880229242,-67.7158130284092,10355.58,225.840916
2021-10-05,18:30:05,-54.5280339972784,-67.71823107013334,10363.2,225.840916
2021-10-05,18:30:08,-54.53259705504005,-67.72613504536265,10363.2,225.840916
2021-10-05,18:30:09,-54.53466800434736,-67.72998798121235,10363.2,225.840916
2021-10-05,18:30:11,-54.53718602101098,-67.73458898693383,10363.2,226.35536000000002
2021-10-05,18:30:12,-54.53790301303036,-67.73587000231107,10363.2,226.86980400000002
2021-10-05,18:30:13,-54.53897099652949,-67.7379530030453,10363.2,226.35536000000002
2021-10-05,18:30:15,-54.541767024251854,-67.74303393044123,10363.2,226.35536000000002
2021-10-05,18:31:16,-54.62709398792376,-67.89783497116908,10363.2,225.840916
2021-10-05,18:32:17,-54.71237897776226,-68.05331402825138,10363.2,225.840916
2021-10-05,18:33:18,-54.797332950717596,-68.20918305448912,10355.58,223.78314
2021-10-05,18:33:48,-54.8412360252391,-68.27936595398269,10363.2,222.239808
2021-10-05,18:33:50,-54.8443450060111,-68.2830959570786,10363.2,221.725364
2021-10-05,18:33:53,-54.84960903987205,-68.28932203664353,10363.2,221.725364
2021-10-05,18:33:57,-54.85478201757718,-68.29509706780208,10363.2,221.21092000000002
2021-10-05,18:34:00,-54.86142000432761,-68.30200196488444,10363.2,221.21092000000002
2021-10-05,18:34:02,-54.863845950538376,-68.3044280147717,10363.2,220.69647600000002
2021-10-05,18:34:03,-54.865219011860404,-68.30571699188614,10363.2,220.69647600000002
2021-10-05,18:34:04,-54.86764502858128,-68.3080599852444,10363.2,220.69647600000002
2021-10-05,18:34:05,-54.86943105019588,-68.30967702424877,10363.2,221.21092000000002
2021-10-05,18:34:06,-54.87153596941346,-68.3116149435635,10355.58,220.69647600000002
2021-10-05,18:34:07,-54.87312300493613,-68.31298805542735,10363.2,220.69647600000002
2021-10-05,18:34:08,-54.874892991683126,-68.31448404226144,10363.2,220.182032
2021-10-05,18:34:09,-54.87648000159553,-68.31589497011859,10355.58,220.69647600000002
2021-10-05,18:34:12,-54.88271301805621,-68.32097603881249,10355.58,220.182032
2021-10-05,18:34:13,-54.883457023881704,-68.3215640356219,10355.58,220.182032
2021-10-05,18:34:16,-54.888813030589844,-68.32589002699086,10355.58,219.667588
2021-10-05,18:34:18,-54.89259302872168,-68.32897896713322,10355.58,220.182032
2021-10-05,18:35:19,-55.001952969231446,-68.41864796796705,10355.58,221.21092000000002
2021-10-05,18:36:23,-55.116028039610775,-68.51308397085305,10363.2,220.69647600000002
2021-10-05,18:37:25,-55.22680701543188,-68.60533902935563,10355.58,218.6387
2021-10-05,18:38:26,-55.3358079560073,-68.69659395775854,10363.2,219.667588
2021-10-05,18:39:28,-55.44595003973434,-68.78943605007989,10355.58,218.6387
2021-10-05,18:40:29,-55.55410804386937,-68.88103504739614,10355.58,219.667588
2021-10-05,18:41:32,-55.666653034767684,-68.97714202615451,10363.2,220.182032
2021-10-05,18:42:37,-55.78312699110944,-69.07711792178345,10355.58,221.725364
2021-10-05,18:43:41,-55.89718200133504,-69.17567407114603,10363.2,223.268696
2021-10-05,18:44:43,-56.00784298938301,-69.27204105862899,10363.2,224.297584
2021-10-05,18:45:44,-56.11885103355518,-69.36917092410766,10355.58,223.78314
2021-10-05,18:46:48,-56.23452800029863,-69.47113003879899,10355.58,224.297584
2021-10-05,18:47:49,-56.34448200905317,-69.56875600260291,10355.58,223.78314
2021-10-05,18:48:52,-56.4587399752129,-69.6708300427595,10355.58,225.326472
2021-10-05,18:49:55,-56.57284200667566,-69.77322406535659,10363.2,226.35536000000002
2021-10-05,19:04:39,-58.188399980076014,-71.30504605759359,10364.4192,228.92758
2021-10-05,19:43:03,-62.679577001755945,-75.34475698554647,10361.980800000001,228.92758
2021-10-05,20:11:51,-66.19828797429884,-79.48745700623812,10364.4192,228.92758
2021-10-05,20:31:03,-68.46645399874598,-82.93974299831598,10364.4192,228.92758
2021-10-05,20:50:15,-70.56501800148173,-87.5646359995963,10363.2,228.92758
2021-10-05,21:09:27,-72.36540197442132,-93.89001499340807,10364.4192,228.92758
2021-10-05,21:24:00,-73.4351960123815,-100.02502400717883,10363.2,228.92758
2021-10-05,21:45:37,-74.59939598520472,-110.76106997835494,10360.7616,228.92758
2021-10-05,21:47:51,-74.66583295929198,-111.98037694742577,10361.980800000001,228.92758
2021-10-05,22:07:03,-74.94529697403514,-122.76449592745449,10671.6576,228.92758
2021-10-05,22:21:26,-74.87646496905086,-130.5642699694855,10670.438400000001,228.92758
2021-10-05,22:35:51,-74.99284401653954,-137.9460448789613,10668.0,228.92758
2021-10-05,23:28:56,-74.7935490150674,-164.06262199310535,11277.6,228.92758
2021-10-06,00:04:54,-73.51449599823273,179.87142899993816,11280.038400000001,228.92758
2021-10-06,00:43:36,-70.93975100502328,166.71563699936905,11273.9424,221.725364
2021-10-06,00:57:38,-69.74137902293211,162.98440596605872,11278.8192,221.725364
2021-10-06,00:58:32,-69.66327697663046,162.76382403983382,11272.7232,221.725364
2021-10-06,01:19:12,-67.8627170102901,158.24157699823863,11276.3808,221.725364
2021-10-06,01:43:53,-65.64468403295167,153.50750692190343,11277.6,221.725364
2021-10-06,02:07:21,-63.423385979221734,149.47843892137996,11277.6,221.725364
2021-10-06,02:30:49,-61.18818293627346,145.7719270059369,11278.8192,221.725364
2021-10-06,03:06:01,-57.76834497897958,140.72610502606088,11581.1808,221.725364
2021-10-06,03:41:13,-54.09307500276087,136.34411597111628,11581.1808,221.725364
2021-10-06,04:04:41,-51.45687094981033,134.0124359560982,11885.980800000001,221.725364
2021-10-06,04:28:10,-48.583260034723224,132.20037799447798,11887.2,221.725364
2021-10-06,04:52:31,-45.32838798643399,130.97024497142277,11885.980800000001,221.725364
2021-10-06,05:26:49,-40.44067402928053,130.2763979212998,11890.857600000001,221.725364
2021-10-06,05:50:17,-37.06358001871278,130.16206396008502,11883.5424,221.725364
2021-10-06,06:36:24,-30.775683982695178,130.94104002626938,12192.0,241.78868
2021-10-06,06:37:28,-30.63707000943487,130.9568630299326,12192.0,241.274236
2021-10-06,06:37:56,-30.576860029164358,130.96383697141746,12184.380000000001,240.759792
2021-10-06,06:45:07,-29.66029403921508,131.0679469987756,12184.380000000001,235.100908
2021-10-06,06:46:33,-29.478699040261432,131.08833306999628,12184.380000000001,231.4998
2021-10-06,06:47:33,-29.355374989211267,131.10217301034135,12192.0,230.985356
2021-10-06,06:47:48,-29.326374004275518,131.10540797862294,12184.380000000001,230.985356
2021-10-06,06:49:16,-29.140823017542093,131.12620499339513,12184.380000000001,231.4998
2021-10-06,06:54:31,-28.491646031187933,131.19830299299952,12192.0,231.4998
2021-10-06,06:55:34,-28.36033602135433,131.21510301665708,12192.0,229.956468
2021-10-06,06:56:37,-28.232941001025253,131.23142998828973,12192.0,227.898692
2021-10-06,06:57:39,-28.105408034663853,131.24752804488182,12184.380000000001,227.898692
2021-10-06,06:58:40,-27.97984300390931,131.2634280286129,12192.0,227.898692
2021-10-06,06:59:42,-27.853972999986365,131.2793879971567,12184.380000000001,225.840916
2021-10-06,07:00:43,-27.729445991897677,131.29507400229687,12184.380000000001,228.413136
2021-10-06,07:01:45,-27.60282895021203,131.3110809810537,12184.380000000001,230.470912
2021-10-06,07:02:46,-27.477085004405172,131.32698102180646,12184.380000000001,230.985356
2021-10-06,07:03:49,-27.345245051792194,131.3434139925798,12192.0,232.01424400000002
2021-10-06,07:04:51,-27.216201951286497,131.35948202216503,12184.380000000001,233.557576
2021-10-06,07:05:52,-27.088934013947082,131.37556496016668,12184.380000000001,230.470912
2021-10-06,07:06:55,-26.958820006692388,131.39163197279896,12184.380000000001,230.985356
2021-10-06,07:07:56,-26.832710032094557,131.4072570229961,12184.380000000001,233.557576
2021-10-06,07:08:59,-26.699616970826064,131.4238429603542,12184.380000000001,235.615352
2021-10-06,07:10:02,-26.56782700136322,131.4402160053112,12192.0,233.557576
2021-10-06,07:11:05,-26.4362720205308,131.45637504445043,12192.0,232.52868800000002
2021-10-06,07:12:11,-26.298335985771246,131.4733430354754,12192.0,232.52868800000002
2021-10-06,07:13:14,-26.167373958570128,131.48939502967852,12184.380000000001,233.557576
2021-10-06,07:14:17,-26.03527095353232,131.50555399100014,12192.0,233.043132
2021-10-06,07:15:19,-25.906081948549797,131.5215299865706,12192.0,230.985356
2021-10-06,07:16:21,-25.775509010933337,131.537338047141,12184.380000000001,233.557576
2021-10-06,07:17:24,-25.64552301940862,131.55319197826574,12192.0,232.52868800000002
2021-10-06,07:18:28,-25.5129070017546,131.56936601040044,12184.380000000001,230.470912
2021-10-06,07:19:29,-25.385168033778925,131.5846560282988,12192.0,232.52868800000002
2021-10-06,07:20:33,-25.251748966722428,131.6008759769944,12192.0,233.557576
2021-10-06,07:21:34,-25.12312299186153,131.61640895472473,12184.380000000001,234.07202
2021-10-06,07:22:36,-24.993431015577976,131.63195801436783,12192.0,235.100908
2021-10-06,07:23:38,-24.863504024883273,131.6476749990021,12192.0,236.129796
2021-10-06,07:24:41,-24.72929398556403,131.66372701241406,12192.0,237.158684
2021-10-06,07:25:43,-24.596786023810232,131.67958096599128,12192.0,236.64424
2021-10-06,07:26:45,-24.467009986174208,131.69514504533282,12184.380000000001,234.586464
2021-10-06,07:27:46,-24.337462989454924,131.7105259847985,12192.0,234.586464
2021-10-06,07:28:47,-24.208832039899683,131.72581501606743,12184.380000000001,234.07202
2021-10-06,07:29:49,-24.077933997378494,131.74130196625646,12184.380000000001,236.64424
2021-10-06,07:30:50,-23.948100963037955,131.75665298341033,12192.0,237.158684
2021-10-06,07:31:52,-23.817754985387158,131.77209501736462,12192.0,238.18757200000002
2021-10-06,07:32:54,-23.683404944845012,131.78790302507778,12184.380000000001,238.18757200000002
2021-10-06,07:33:58,-23.54877501730881,131.8039089984077,12184.380000000001,234.586464
2021-10-06,07:34:59,-23.420615974112987,131.818802040762,12184.380000000001,236.129796
2021-10-06,07:36:02,-23.286345965422175,131.83459498941184,12192.0,236.129796
2021-10-06,07:37:03,-23.15670795845181,131.84971602185058,12184.380000000001,237.158684
2021-10-06,07:38:06,-23.021571982812056,131.86543294277988,12184.380000000001,238.18757200000002
2021-10-06,07:39:08,-22.890426977588106,131.88078302300784,12184.380000000001,237.158684
2021-10-06,07:40:10,-22.75780699201523,131.8962099769372,12192.0,239.21646
2021-10-06,07:41:12,-22.625198011897705,131.91159099191324,12184.380000000001,241.274236
2021-10-06,07:42:12,-22.494231999964963,131.9267729777762,12184.380000000001,243.332012
2021-10-06,07:43:17,-22.35076899812304,131.9432980394551,12192.0,243.84645600000002
2021-10-06,08:23:28,-17.153823962895277,132.52316297877633,12192.0,239.21646
2021-10-06,08:24:32,-17.015349986474895,132.53810099582233,12184.380000000001,240.245348
2021-10-06,08:25:09,-16.935797054772756,132.5467069860714,12192.0,240.245348
2021-10-06,08:26:38,-16.74472000107212,132.56730699313982,12192.0,239.21646
2021-10-06,08:27:40,-16.61091598460847,132.58166500088944,12192.0,238.70201600000001
2021-10-06,08:28:46,-16.46955896066921,132.59693898019307,12184.380000000001,239.21646
2021-10-06,08:29:49,-16.33396897496611,132.6114499982225,12184.380000000001,239.21646
2021-10-06,08:30:53,-16.197235022160296,132.62478599087248,12192.0,238.70201600000001
2021-10-06,08:31:25,-16.12788398354292,132.6202850046223,12184.380000000001,238.18757200000002
2021-10-06,08:32:28,-15.993486011119922,132.59915199227228,12184.380000000001,238.18757200000002
2021-10-06,08:33:29,-15.865654036085985,132.57922394900112,12192.0,238.18757200000002
2021-10-06,08:34:31,-15.73209603082606,132.55853298390483,12184.380000000001,238.18757200000002
2021-10-06,08:35:33,-15.601776004629059,132.53823902066867,12192.0,238.18757200000002
2021-10-06,08:36:34,-15.470673024016083,132.51786800412185,12192.0,238.18757200000002
2021-10-06,08:37:36,-15.340591055422838,132.49777199453916,12192.0,238.70201600000001
2021-10-06,08:38:37,-15.210341965516326,132.47763100609166,12184.380000000001,239.730904
2021-10-06,08:39:37,-15.079992011262977,132.4573970180868,12192.0,241.274236
2021-10-06,08:40:40,-14.944665007672704,132.43650802068328,12184.380000000001,241.274236
2021-10-06,08:41:41,-14.813248023136794,132.4162900349269,12184.380000000001,241.78868
2021-10-06,08:42:43,-14.67952000270889,132.39572097827246,12192.0,242.303124
2021-10-06,08:43:46,-14.543570958204175,132.3747559544649,12184.380000000001,242.303124
2021-10-06,08:44:47,-14.4106650313835,132.35359199811953,12192.0,241.78868
2021-10-06,08:45:48,-14.27993803494304,132.33259599502608,12192.0,242.817568
2021-10-06,08:46:13,-14.225646957982073,132.3200989367402,12184.380000000001,243.332012
2021-10-06,08:46:15,-14.222350995646094,132.31890900001687,12184.380000000001,243.332012
2021-10-06,08:46:18,-14.216629019951844,132.31663499956883,12184.380000000001,243.332012
2021-10-06,08:46:19,-14.214353956705871,132.31571998598795,12192.0,243.332012
2021-10-06,08:46:21,-14.209304972409294,132.3135529755105,12192.0,243.332012
2021-10-06,08:46:22,-14.208480965749859,132.31318703613073,12192.0,243.332012
2021-10-06,08:46:25,-14.202896030068304,132.31057701035556,12192.0,243.332012
2021-10-06,08:46:26,-14.20066695869837,132.30950897141233,12192.0,243.332012
2021-10-06,08:46:28,-14.195964979519303,132.30714398363216,12192.0,243.84645600000002
2021-10-06,08:46:30,-14.193217965787262,132.3056950214343,12192.0,243.84645600000002
2021-10-06,08:46:31,-14.18952895909792,132.30366500629628,12192.0,243.84645600000002
2021-10-06,08:46:33,-14.185491035980423,132.3013609913291,12184.380000000001,243.84645600000002
2021-10-06,08:46:34,-14.18470004760297,132.30088803611207,12184.380000000001,243.84645600000002
2021-10-06,08:46:37,-14.1779029470847,132.29673802155475,12184.380000000001,244.36090000000002
2021-10-06,08:46:38,-14.176987032935394,132.296126965099,12184.380000000001,244.36090000000002
2021-10-06,08:46:40,-14.172316989877448,132.2930760214632,12184.380000000001,244.36090000000002
2021-10-06,08:46:42,-14.16957098583134,132.29115300546988,12192.0,244.36090000000002
2021-10-06,08:46:44,-14.166822978677853,132.28926097384442,12184.380000000001,244.36090000000002
2021-10-06,08:46:45,-14.164855985223328,132.28784199363244,12184.380000000001,244.36090000000002
2021-10-06,08:46:46,-14.161605978456425,132.2854770077341,12184.380000000001,244.875344
2021-10-06,08:46:47,-14.159608037163474,132.2840579916389,12184.380000000001,244.36090000000002
2021-10-06,08:46:49,-14.156721981214172,132.28193699309531,12184.380000000001,244.36090000000002
2021-10-06,08:46:52,-14.152221968126863,132.2787020426882,12192.0,244.875344
2021-10-06,08:47:54,-14.041306023185362,132.20057699815854,11925.300000000001,238.18757200000002
2021-10-06,08:48:56,-13.928650014509733,132.12149002802562,10881.36,251.048672
2021-10-06,08:49:58,-13.808395041309081,132.03720095917961,9677.4,264.93866
2021-10-06,08:50:59,-13.687499953405863,131.95185899349065,8641.08,268.025324
2021-10-06,08:52:02,-13.564362022744621,131.8650670149095,7741.92,260.308664
2021-10-06,08:53:04,-13.446671031290405,131.78303499048332,6842.76,250.534228
2021-10-06,08:54:04,-13.334976017785833,131.70518494712556,5966.46,241.78868
2021-10-06,08:55:07,-13.225584009171946,131.62927201526767,5280.66,223.268696
2021-10-06,08:55:38,-13.173958033949187,131.59298698923064,4968.240000000001,219.153144
2021-10-06,08:56:09,-13.124192964426623,131.55810496285653,4526.280000000001,217.095368
2021-10-06,08:56:43,-13.069243998240331,131.51983594711396,4008.1200000000003,216.06648
2021-10-06,08:57:17,-13.014862037271723,131.48181200477248,3649.98,210.407596
2021-10-06,08:57:29,-12.995589984161274,131.4681849902657,3535.6800000000003,208.34982
2021-10-06,08:57:42,-12.976668989329944,131.4549409998077,3459.48,204.748712
2021-10-06,08:57:57,-12.95357897627252,131.43884301737677,3383.28,198.575384
2021-10-06,08:58:12,-12.93154898893422,131.42352296652837,3322.32,192.9165
2021-10-06,08:58:25,-12.913171966608504,131.41088898102865,3276.6000000000004,187.77206
2021-10-06,08:58:37,-12.896164023023452,131.39909400774485,3238.5,183.142064
2021-10-06,08:58:50,-12.879593022317728,131.38763399979035,3162.3,180.56984400000002
2021-10-06,08:59:02,-12.863127975665718,131.37620499989902,3108.96,176.968736
2021-10-06,08:59:14,-12.846771022570517,131.3647609888423,3101.34,169.25207600000002
2021-10-06,08:59:27,-12.83170500358355,131.35432397576793,3093.7200000000003,159.47764
2021-10-06,08:59:39,-12.81697097785225,131.34411594862905,3017.52,156.90542
2021-10-06,08:59:52,-12.802504966564738,131.3339690038034,2918.46,155.876532
2021-10-06,09:00:07,-12.784607020354448,131.32160905136965,2781.3,154.3332
2021-10-06,09:00:22,-12.767119972205444,131.30944801460086,2659.38,152.789868
2021-10-06,09:00:35,-12.752974980593839,131.2996370079509,2567.94,152.27542400000002
2021-10-06,09:00:47,-12.738787004221482,131.28985604272782,2476.5,151.246536
2021-10-06,09:01:00,-12.72473099115282,131.2800449889101,2392.6800000000003,150.217648
2021-10-06,09:01:12,-12.711547991600172,131.27085896047268,2324.1,149.18876
2021-10-06,09:01:27,-12.694562993404867,131.2590639891751,2247.9,147.645428
2021-10-06,09:01:39,-12.680737015946058,131.24946603722557,2194.56,146.10209600000002
2021-10-06,09:01:52,-12.667422046544566,131.2402189978044,2186.94,146.10209600000002
2021-10-06,09:02:07,-12.650710006909106,131.22856101202507,2110.7400000000002,145.073208
2021-10-06,09:02:22,-12.634139948013097,131.21705599419587,2011.68,144.558764
2021-10-06,09:02:34,-12.621001957541871,131.20800798016867,1912.6200000000001,143.529876
2021-10-06,09:02:47,-12.608046992296064,131.19821198661805,1813.5600000000002,143.529876
2021-10-06,09:02:59,-12.595591957650173,131.18754600266783,1691.64,143.529876
2021-10-06,09:03:15,-12.581085029771582,131.17396496424234,1516.38,141.986544
2021-10-06,09:03:21,-12.57529495933736,131.1686549527885,1447.8000000000002,140.44321200000002
2021-10-06,09:03:27,-12.569104003857074,131.16288799859078,1371.6000000000001,140.44321200000002
2021-10-06,09:03:37,-12.5604400204951,131.15483095764912,1287.78,138.385436
2021-10-06,09:03:43,-12.555044973040827,131.14987201322486,1249.68,135.813216
2021-10-06,09:03:49,-12.549224958293596,131.14456200176508,1226.8200000000002,132.212108
2021-10-06,09:03:55,-12.543732033682618,131.13963301562646,1203.96,129.639888
2021-10-06,09:04:01,-12.538512963801747,131.1349030026835,1188.72,127.58211200000001
2021-10-06,09:04:07,-12.533304993891146,131.13015700400885,1181.1000000000001,126.03878
2021-10-06,09:04:13,-12.528231995924125,131.1255799941611,1165.8600000000001,124.495448
2021-10-06,09:04:20,-12.522995020368215,131.1207889677058,1150.6200000000001,122.952116
2021-10-06,09:04:25,-12.51836200746086,131.11653103285238,1135.38,120.89434
2021-10-06,09:04:32,-12.513242037076422,131.11175502204148,1127.76,118.83656400000001
2021-10-06,09:04:41,-12.505966005365055,131.1050569814164,1120.14,114.721012
2021-10-06,09:04:47,-12.501230985398976,131.10067699742288,1112.52,112.148792
2021-10-06,09:04:53,-12.496674001386316,131.09654200801054,1097.28,109.576572
2021-10-06,09:05:00,-12.492105987262796,131.09239201151513,1082.04,107.51879600000001
2021-10-06,09:05:06,-12.48815904172908,131.08843999305665,1066.8,106.489908
2021-10-06,09:05:09,-12.4860530409999,131.08587602575443,1059.18,105.975464
2021-10-06,09:05:12,-12.48456601549057,131.08371004858228,1059.18,105.975464
2021-10-06,09:05:15,-12.483029030169096,131.0810089999834,1051.56,105.46102
2021-10-06,09:05:18,-12.481678981357687,131.07826198751926,1043.94,104.94657600000001
2021-10-06,09:05:21,-12.480607996548729,131.07580595640871,1036.3200000000002,104.432132
2021-10-06,09:05:27,-12.478455032030924,131.07040397446872,1021.08,102.8888
2021-10-06,09:05:30,-12.477448005238843,131.06755102529968,1021.08,102.374356
2021-10-06,09:05:33,-12.476418021380901,131.0646359877614,1013.46,101.345468
2021-10-06,09:05:37,-12.475387995046678,131.0617830093444,1005.84,100.31658
2021-10-06,09:05:40,-12.474563971481402,131.05937197946096,1005.84,99.287692
2021-10-06,09:05:42,-12.473764965224227,131.0570220391591,998.22,98.773248
2021-10-06,09:05:46,-12.472778047863738,131.05401600800135,990.6,97.74436
2021-10-06,09:05:49,-12.471995978056716,131.05157500573958,982.98,96.715472
2021-10-06,09:05:55,-12.470260988723716,131.0462949837602,960.12,95.686584
2021-10-06,09:06:01,-12.468644002812466,131.0412139468327,937.26,94.657696
2021-10-06,09:06:10,-12.466187037655668,131.03384401891174,891.5400000000001,94.657696
2021-10-06,09:06:16,-12.464361989750394,131.0284419715104,853.44,95.17214
2021-10-06,09:06:22,-12.462732045525923,131.02362100251793,830.58,95.686584
2021-10-06,09:06:29,-12.460921978169312,131.01821900751136,792.48,95.686584
2021-10-06,09:06:35,-12.459228976095565,131.0131989832314,769.62,95.17214
2021-10-06,09:06:41,-12.45761197916487,131.0083009941854,739.14,95.17214
2021-10-06,09:06:47,-12.455887043845232,131.00320403738286,708.6600000000001,95.17214
2021-10-06,09:06:56,-12.453375957518293,130.99577301881246,670.5600000000001,92.59992
2021-10-06,09:07:05,-12.45094300665079,130.98852500769462,632.46,90.54214400000001
2021-10-06,09:07:11,-12.449279036791872,130.9834439790023,594.36,88.998812
2021-10-06,09:07:18,-12.447602963558271,130.97851602106175,563.88,87.45548000000001
2021-10-06,09:07:27,-12.445275031599733,130.9715879884999,525.78,85.397704
2021-10-06,09:07:33,-12.443848019395771,130.96725496044357,495.3,83.339928
2021-10-06,09:07:46,-12.440872010950168,130.95840498838166,449.58000000000004,78.709932
2021-10-06,09:07:52,-12.439498991166865,130.95437599260646,426.72,76.652156
2021-10-06,09:07:58,-12.438106972703011,130.9503330050883,403.86,76.13771200000001
2021-10-06,09:08:07,-12.436058012404704,130.94430494700993,373.38,75.623268
2021-10-06,09:08:13,-12.434708007487162,130.94026201079467,350.52000000000004,74.079936
2021-10-06,09:08:19,-12.433404009403004,130.9363559702837,327.66,73.565492
2021-10-06,09:08:26,-12.431960993504001,130.93217500127437,304.8,73.05104800000001
2021-10-06,09:08:32,-12.430709956661287,130.9284360367154,289.56,72.02216
2021-10-06,09:08:38,-12.429427991158152,130.92454501622043,266.7,70.993272
2021-10-06,09:08:47,-12.42745996988875,130.91876202393738,228.60000000000002,69.964384
2021-10-06,09:08:53,-12.42618799748458,130.91505401566818,213.36,69.964384
2021-10-06,09:08:59,-12.424896025411908,130.91119402137878,190.5,69.964384
2021-10-06,09:09:06,-12.423659950376877,130.90754699275942,167.64000000000001,69.964384
2021-10-06,09:09:11,-12.422469954941024,130.90390001238697,144.78,69.44994
2021-10-06,09:09:18,-12.421097026648345,130.89991797098614,129.54000000000002,69.44994
2021-10-06,09:09:27,-12.419251982590295,130.89448501993445,91.44,69.964384
2021-10-06,09:09:34,-12.41789199702756,130.8905030245336,76.2,70.47882800000001
2021-10-06,09:09:40,-12.416701966701812,130.88690195886107,76.2,61.73328
2021-10-06,09:09:49,-12.415271966676238,130.8827059873264,0.0,47.328848
2021-10-06,09:09:55,-12.4145150254927,130.88044700088318,0.0,39.097744
2021-10-06,09:10:00,-12.413957987075294,130.87879899437067,0.0,29.837752000000002
2021-10-06,09:10:06,-12.413521012146145,130.87748702391207,0.0,24.178868
2021-10-06,09:10:13,-12.413165976570607,130.8764500066104,0.0,14.918876000000001
2021-10-06,09:10:19,-12.412960024972353,130.8758699805395,0.0,8.231104
2021-10-06,09:10:25,-12.412845983209099,130.87551898660368,0.0,6.173328
2021-10-06,09:10:31,-12.41268503803182,130.87527500023432,0.0,5.14444
2021-10-06,09:10:36,-12.412467981127895,130.87521394328323,0.0,4.629996
2021-10-06,09:10:41,-12.412247041781466,130.87525896048632,0.0,5.14444
2021-10-06,09:10:46,-12.412032957058292,130.87533594593182,0.0,5.6588840000000005
2021-10-06,09:10:50,-12.4118270176622,130.87539695927313,0.0,6.173328
2021-10-06,09:10:54,-12.411563966614203,130.87548801825506,0.0,6.687772
2021-10-06,09:10:59,-12.411327009351002,130.87557997205914,0.0,6.687772
2021-10-06,09:11:03,-12.411105990776305,130.87564095945046,0.0,6.173328
2021-10-06,09:11:08,-12.410830995559813,130.87574798578345,0.0,5.6588840000000005
2021-10-06,09:11:14,-12.410558980641518,130.87583898510982,0.0,5.6588840000000005
2021-10-06,09:11:20,-12.410271018933946,130.87594595734015,0.0,5.14444
2021-10-06,09:11:27,-12.410000018257225,130.87603798470116,0.0,4.629996
2021-10-06,09:11:34,-12.409743992570789,130.87612899970668,0.0,4.115552
2021-10-06,09:11:40,-12.409515010957172,130.87614395200487,0.0,3.601108
2021-10-06,09:11:49,-12.40929000907411,130.87603802836085,0.0,2.57222
2021-10-06,09:11:58,-12.40908100237348,130.8760220281485,0.0,2.57222
2021-10-06,09:12:10,-12.408872006848725,130.87609899740104,0.0,2.057776
2021-10-06,09:12:22,-12.408669043983355,130.87616002282718,0.0,1.543332
2021-10-06,09:12:39,-12.4084640145835,130.876221025385,0.0,0.514444
